e2e_latency_us,transfer_latency_us,fft_exec_us,samples_per_sec,buffers_per_sec,mb_per_sec,cpu_util_pct,gpu_util_pct,buffer_size_samples,dropped_buffers,wire_latency_us
38.64,20.64,9.92,4.24017e+08,25879.9,1696.07,1.44,0,16384,0,0
40.432,22.336,8.416,4.05224e+08,24732.9,1620.89,1.44,0,16384,0,0
37.776,20.192,9.088,4.33715e+08,26471.8,1734.86,1.44,0,16384,0,0
40.16,21.504,9.344,4.07968e+08,24900.4,1631.87,1.44,0,16384,0,0
39.328,21.12,8.512,4.16599e+08,25427.2,1666.4,1.44,0,16384,0,0
40.144,22.496,8.864,4.08131e+08,24910.3,1632.52,1.44,0,16384,0,0
42.656,21.44,11.52,3.84096e+08,23443.4,1536.38,1.44,0,16384,0,0
188.768,143.936,24.864,8.67944e+07,5297.51,347.177,1.152,0,16384,0,0
82.992,15.936,38.304,1.97417e+08,12049.4,789.666,1.152,0,16384,0,0
48.336,25.664,13.056,3.38961e+08,20688.5,1355.84,1.152,0,16384,0,0
40.208,20.8,9.984,4.07481e+08,24870.7,1629.92,1.152,0,16384,0,0
42.992,21.536,11.744,3.81094e+08,23260.1,1524.38,1.152,0,16384,0,0
42.672,20.736,12.096,3.83952e+08,23434.6,1535.81,1.152,0,16384,0,0
41.92,20.992,11.264,3.9084e+08,23855,1563.36,1.152,0,16384,0,0
40.32,20.544,9.856,4.06349e+08,24801.6,1625.4,1.152,0,16384,0,0
41.04,21.472,9.952,3.9922e+08,24366.5,1596.88,1.152,0,16384,0,0
42.865,23.136,9.088,3.82223e+08,23329.1,1528.89,1.152,0,16384,0,0
42.096,22.848,8.96,3.89206e+08,23755.2,1556.82,1.152,0,16384,0,0
39.344,20.576,8.768,4.16429e+08,25416.8,1665.72,1.152,0,16384,0,0
42.16,22.208,11.04,3.88615e+08,23719.2,1554.46,1.152,0,16384,0,0
39.04,20.032,9.824,4.19672e+08,25614.8,1678.69,1.152,0,16384,0,0
40.208,19.872,11.296,4.07481e+08,24870.7,1629.92,1.152,0,16384,0,0
38.8,20.096,9.856,4.22268e+08,25773.2,1689.07,1.152,0,16384,0,0
42.24,22.976,8.768,3.87879e+08,23674.2,1551.52,1.152,0,16384,0,0
43.056,23.392,9.408,3.80528e+08,23225.6,1522.11,1.152,0,16384,0,0
40.24,21.76,8.64,4.07157e+08,24850.9,1628.63,1.152,0,16384,0,0
41.504,21.248,11.232,3.94757e+08,24094.1,1579.03,1.152,0,16384,0,0
42.016,22.912,9.312,3.89947e+08,23800.5,1559.79,1.152,0,16384,0,0
41.712,21.856,9.952,3.92789e+08,23973.9,1571.15,1.152,0,16384,0,0
41.104,21.664,9.472,3.98599e+08,24328.5,1594.39,0.9216,0,16384,0,0
39.184,20.512,9.76,4.1813e+08,25520.6,1672.52,0.9216,0,16384,0,0
40.768,21.312,9.728,4.01884e+08,24529,1607.54,0.9216,0,16384,0,0
42.544,21.408,11.488,3.85107e+08,23505.1,1540.43,0.9216,0,16384,0,0
42.288,23.008,8.8,3.87439e+08,23647.4,1549.75,0.9216,0,16384,0,0
43.76,23.04,10.304,3.74406e+08,22851.9,1497.62,0.9216,0,16384,0,0
41.552,22.528,8.544,3.94301e+08,24066.2,1577.2,0.9216,0,16384,0,0
42.8,22.24,10.944,3.82804e+08,23364.5,1531.21,0.9216,0,16384,0,0
42.112,22.752,8.928,3.89058e+08,23746.2,1556.23,0.9216,0,16384,0,0
42.544,21.792,11.296,3.85107e+08,23505.1,1540.43,0.9216,0,16384,0,0
39.952,21.44,8.416,4.10092e+08,25030,1640.37,0.9216,0,16384,0,0
42.32,21.504,11.36,3.87146e+08,23629.5,1548.58,0.9216,0,16384,0,0
44.176,20.8,14.144,3.7088e+08,22636.7,1483.52,0.9216,0,16384,0,0
40.448,21.28,9.696,4.05063e+08,24723.1,1620.25,0.9216,0,16384,0,0
42.544,22.848,9.312,3.85107e+08,23505.1,1540.43,0.9216,0,16384,0,0
41.745,22.72,8.736,3.92478e+08,23955,1569.91,0.9216,0,16384,0,0
39.296,20.416,9.6,4.16938e+08,25447.9,1667.75,0.9216,0,16384,0,0
40.768,22.144,8.704,4.01884e+08,24529,1607.54,0.9216,0,16384,0,0
40.689,22.08,8.704,4.02664e+08,24576.7,1610.66,0.9216,0,16384,0,0
43.12,24.576,8.96,3.79963e+08,23191.1,1519.85,0.9216,0,16384,0,0
41.408,23.264,9.216,3.95672e+08,24149.9,1582.69,0.9216,0,16384,0,0
42.177,24.192,8.224,3.88458e+08,23709.6,1553.83,0.73728,0,16384,0,0
38.496,20.864,9.088,4.25603e+08,25976.7,1702.41,0.73728,0,16384,0,0
38.4,20.8,9.024,4.26667e+08,26041.7,1706.67,0.73728,0,16384,0,0
38.545,20.48,9.152,4.25062e+08,25943.7,1700.25,0.73728,0,16384,0,0
41.568,22.464,8.8,3.94149e+08,24057,1576.6,0.73728,0,16384,0,0
42.112,23.552,8.384,3.89058e+08,23746.2,1556.23,0.73728,0,16384,0,0
41.345,22.624,8.704,3.96275e+08,24186.7,1585.1,0.73728,0,16384,0,0
42.112,23.616,8.288,3.89058e+08,23746.2,1556.23,0.73728,0,16384,0,0
39.872,21.632,8.544,4.10915e+08,25080.3,1643.66,0.73728,0,16384,0,0
38.177,19.968,9.376,4.29159e+08,26193.8,1716.64,0.73728,0,16384,0,0
41.264,22.272,8.96,3.97053e+08,24234.2,1588.21,0.73728,0,16384,0,0
39.472,20.32,10.144,4.15079e+08,25334.4,1660.32,0.73728,0,16384,0,0
25.84,8.096,8.096,6.34056e+08,38699.7,2536.22,0.73728,0,16384,0,0
39.76,21.824,8.64,4.12072e+08,25150.9,1648.29,0.73728,0,16384,0,0
40.752,21.984,9.76,4.02042e+08,24538.7,1608.17,0.73728,0,16384,0,0
38.208,20.192,9.248,4.28811e+08,26172.5,1715.24,0.73728,0,16384,0,0
38.816,21.024,9.152,4.22094e+08,25762.6,1688.38,0.73728,0,16384,0,0
38.864,20.8,8.288,4.21573e+08,25730.8,1686.29,0.73728,0,16384,0,0
39.424,21.44,8.096,4.15584e+08,25365.3,1662.34,0.73728,0,16384,0,0
38.912,20.608,9.152,4.21053e+08,25699,1684.21,0.73728,0,16384,0,0
39.152,20.8,9.568,4.18472e+08,25541.5,1673.89,0.73728,0,16384,0,0
41.376,22.464,8.896,3.95978e+08,24168.6,1583.91,1.5422,0,16384,0,0
42.032,23.2,8.768,3.89798e+08,23791.4,1559.19,1.5422,0,16384,0,0
41.216,22.24,9.536,3.97516e+08,24262.4,1590.06,1.5422,0,16384,0,0
37.44,19.744,8.864,4.37607e+08,26709.4,1750.43,1.5422,0,16384,0,0
40.144,21.984,8.096,4.08131e+08,24910.3,1632.52,1.5422,0,16384,0,0
42.4,23.36,8.896,3.86415e+08,23584.9,1545.66,1.5422,0,16384,0,0
40.88,22.112,8.576,4.00783e+08,24461.8,1603.13,1.5422,0,16384,0,0
39.904,21.088,9.568,4.10585e+08,25060.1,1642.34,1.5422,0,16384,0,0
37.84,20.032,9.248,4.32981e+08,26427.1,1731.92,1.5422,0,16384,0,0
39.424,20.832,9.44,4.15584e+08,25365.3,1662.34,1.5422,0,16384,0,0
41.249,22.848,8.416,3.97198e+08,24243,1588.79,1.5422,0,16384,0,0
38.56,20.672,9.088,4.24896e+08,25933.6,1699.59,1.5422,0,16384,0,0
41.424,22.944,8.832,3.9552e+08,24140.6,1582.08,1.5422,0,16384,0,0
38.672,20.768,9.28,4.23666e+08,25858.5,1694.66,1.5422,0,16384,0,0
41.072,22.592,8.416,3.98909e+08,24347.5,1595.64,1.5422,0,16384,0,0
37.76,19.68,9.312,4.33898e+08,26483.1,1735.59,1.5422,0,16384,0,0
38.113,19.776,9.696,4.2988e+08,26237.8,1719.52,1.5422,0,16384,0,0
39.232,20.832,8.704,4.17618e+08,25489.4,1670.47,1.5422,0,16384,0,0
40.72,22.336,8.864,4.02358e+08,24558,1609.43,1.5422,0,16384,0,0
38.145,19.744,9.728,4.29519e+08,26215.8,1718.08,1.5422,0,16384,0,0
64.928,45.536,7.584,2.52341e+08,15401.7,1009.36,1.5422,0,16384,0,0
86.592,24.608,21.632,1.89209e+08,11548.4,756.837,1.23376,0,16384,0,0
38.929,20.736,9.472,4.20869e+08,25687.8,1683.48,1.23376,0,16384,0,0
39.312,20.704,9.888,4.16768e+08,25437.5,1667.07,1.23376,0,16384,0,0
39.728,20.928,9.504,4.12404e+08,25171.2,1649.62,1.23376,0,16384,0,0
41.696,22.272,9.184,3.92939e+08,23983.1,1571.76,1.23376,0,16384,0,0
41.12,22.752,8.576,3.98444e+08,24319.1,1593.77,1.23376,0,16384,0,0
40.944,22.624,8.384,4.00156e+08,24423.6,1600.63,1.23376,0,16384,0,0
40.016,21.152,9.792,4.09436e+08,24990,1637.74,1.23376,0,16384,0,0
39.344,21.088,9.216,4.16429e+08,25416.8,1665.72,1.23376,0,16384,0,0
39.152,20.48,9.632,4.18472e+08,25541.5,1673.89,1.23376,0,16384,0,0
41.728,22.88,8.896,3.92638e+08,23964.7,1570.55,1.23376,0,16384,0,0
36.784,19.456,8.832,4.45411e+08,27185.7,1781.64,1.23376,0,16384,0,0
42.384,24.032,8.992,3.86561e+08,23593.8,1546.24,1.23376,0,16384,0,0
39.184,20.512,9.376,4.1813e+08,25520.6,1672.52,1.23376,0,16384,0,0
41.392,22.144,9.28,3.95825e+08,24159.3,1583.3,1.23376,0,16384,0,0
39.824,20.896,9.92,4.1141e+08,25110.5,1645.64,1.23376,0,16384,0,0
39.568,20.608,10.144,4.14072e+08,25272.9,1656.29,1.23376,0,16384,0,0
40.448,21.856,8.448,4.05063e+08,24723.1,1620.25,1.23376,0,16384,0,0
42.016,22.976,9.024,3.89947e+08,23800.5,1559.79,1.23376,0,16384,0,0
41.76,22.72,9.024,3.92337e+08,23946.4,1569.35,1.23376,0,16384,0,0
40.512,22.368,9.248,4.04423e+08,24684,1617.69,1.23376,0,16384,0,0
40.032,21.856,9.184,4.09273e+08,24980,1637.09,1.23376,0,16384,0,0
39.136,20.768,9.472,4.18643e+08,25551.9,1674.57,0.987011,0,16384,0,0
39.344,20.992,9.248,4.16429e+08,25416.8,1665.72,0.987011,0,16384,0,0
39.104,20.736,9.248,4.18985e+08,25572.8,1675.94,0.987011,0,16384,0,0
39.52,20.448,10.08,4.14575e+08,25303.6,1658.3,0.987011,0,16384,0,0
41.088,22.24,8.832,3.98754e+08,24338,1595.02,0.987011,0,16384,0,0
39.696,20.864,9.664,4.12737e+08,25191.5,1650.95,0.987011,0,16384,0,0
40.336,21.792,8.48,4.06188e+08,24791.7,1624.75,0.987011,0,16384,0,0
38.865,21.088,8.096,4.21562e+08,25730.1,1686.25,0.987011,0,16384,0,0
39.68,21.152,8.64,4.12903e+08,25201.6,1651.61,0.987011,0,16384,0,0
38.352,20.544,8.448,4.27201e+08,26074.3,1708.8,0.987011,0,16384,0,0
38,19.776,9.664,4.31158e+08,26315.8,1724.63,0.987011,0,16384,0,0
37.632,19.808,9.12,4.35374e+08,26573.1,1741.5,0.987011,0,16384,0,0
40.368,21.344,9.952,4.05866e+08,24772.1,1623.46,0.987011,0,16384,0,0
39.056,20.992,8.48,4.195e+08,25604.3,1678,0.987011,0,16384,0,0
39.44,21.888,8.288,4.15416e+08,25355,1661.66,0.987011,0,16384,0,0
38.576,20.288,9.952,4.2472e+08,25922.9,1698.88,0.987011,0,16384,0,0
38.448,20.128,9.76,4.26134e+08,26009.2,1704.54,0.987011,0,16384,0,0
38.848,21.088,9.408,4.21746e+08,25741.4,1686.99,0.987011,0,16384,0,0
39.328,21.504,8.256,4.16599e+08,25427.2,1666.4,0.987011,0,16384,0,0
40.256,22.272,9.152,4.06995e+08,24841,1627.98,0.987011,0,16384,0,0
40.608,21.984,8.896,4.03467e+08,24625.7,1613.87,0.987011,0,16384,0,0
40.496,22.432,8.512,4.04583e+08,24693.8,1618.33,0.789609,0,16384,0,0
40.72,22.4,8.896,4.02358e+08,24558,1609.43,0.789609,0,16384,0,0
42.992,23.84,8.736,3.81094e+08,23260.1,1524.38,0.789609,0,16384,0,0
40.656,21.312,10.144,4.02991e+08,24596.6,1611.96,0.789609,0,16384,0,0
37.584,19.776,9.152,4.3593e+08,26607.1,1743.72,0.789609,0,16384,0,0
39.52,21.056,9.44,4.14575e+08,25303.6,1658.3,0.789609,0,16384,0,0
40.352,21.728,8.576,4.06027e+08,24781.9,1624.11,0.789609,0,16384,0,0
38.992,20.896,9.184,4.20189e+08,25646.3,1680.76,0.789609,0,16384,0,0
37.904,20.416,9.024,4.3225e+08,26382.4,1729,0.789609,0,16384,0,0
39.792,20.928,9.888,4.11741e+08,25130.7,1646.96,0.789609,0,16384,0,0
40.832,22.08,8.48,4.01254e+08,24490.6,1605.02,0.789609,0,16384,0,0
38.993,20.48,9.408,4.20178e+08,25645.6,1680.71,0.789609,0,16384,0,0
36.768,19.328,8.928,4.45605e+08,27197.6,1782.42,0.789609,0,16384,0,0
41.072,22.048,8.896,3.98909e+08,24347.5,1595.64,0.789609,0,16384,0,0
41.601,22.656,8.864,3.93837e+08,24037.9,1575.35,0.789609,0,16384,0,0
39.136,20.768,9.28,4.18643e+08,25551.9,1674.57,0.789609,0,16384,0,0
39.888,21.472,9.504,4.1075e+08,25070.2,1643,0.789609,0,16384,0,0
39.712,20.48,10.176,4.12571e+08,25181.3,1650.28,0.789609,0,16384,0,0
39.712,22.24,7.424,4.12571e+08,25181.3,1650.28,0.789609,0,16384,0,0
39.28,20.8,9.184,4.17108e+08,25458.2,1668.43,0.789609,0,16384,0,0
38.881,20.448,9.888,4.21388e+08,25719.5,1685.55,0.789609,0,16384,0,0
39.648,21.184,9.12,4.13236e+08,25222,1652.95,0.631687,0,16384,0,0
41.44,22.432,8.96,3.95367e+08,24131.3,1581.47,0.631687,0,16384,0,0
41.232,22.048,9.024,3.97361e+08,24253,1589.45,0.631687,0,16384,0,0
41.424,22.592,8.768,3.9552e+08,24140.6,1582.08,0.631687,0,16384,0,0
39.152,21.152,8.896,4.18472e+08,25541.5,1673.89,0.631687,0,16384,0,0
39.92,20.928,9.728,4.10421e+08,25050.1,1641.68,0.631687,0,16384,0,0
39.696,21.28,9.44,4.12737e+08,25191.5,1650.95,0.631687,0,16384,0,0
41.056,22.4,8.672,3.99065e+08,24357,1596.26,0.631687,0,16384,0,0
38.736,20.832,9.44,4.22966e+08,25815.8,1691.86,0.631687,0,16384,0,0
211.536,175.168,23.456,7.74525e+07,4727.33,309.81,0.631687,0,16384,0,0
30.912,12,9.44,5.30021e+08,32349.9,2120.08,0.631687,0,16384,0,0
45.008,23.872,9.248,3.64024e+08,22218.3,1456.1,0.631687,0,16384,0,0
41.072,20.832,11.488,3.98909e+08,24347.5,1595.64,0.631687,0,16384,0,0
39.776,20.8,10.144,4.11907e+08,25140.8,1647.63,0.631687,0,16384,0,0
40.32,22.016,9.44,4.06349e+08,24801.6,1625.4,0.631687,0,16384,0,0
40,21.376,9.28,4.096e+08,25000,1638.4,0.631687,0,16384,0,0
38.752,20.288,9.664,4.22791e+08,25805.1,1691.16,0.631687,0,16384,0,0
38.048,19.84,9.472,4.30614e+08,26282.6,1722.46,0.631687,0,16384,0,0
39.008,20.224,10.016,4.20016e+08,25635.8,1680.07,0.631687,0,16384,0,0
38.192,19.968,9.632,4.2899e+08,26183.5,1715.96,0.631687,0,16384,0,0
41.024,22.432,8.704,3.99376e+08,24376,1597.5,0.631687,0,16384,0,0
42.592,24.032,8.416,3.84673e+08,23478.6,1538.69,0.50535,0,16384,0,0
39.248,21.504,8.128,4.17448e+08,25479,1669.79,0.50535,0,16384,0,0
38.176,20.128,9.344,4.2917e+08,26194.5,1716.68,0.50535,0,16384,0,0
39.441,20.512,9.664,4.15405e+08,25354.3,1661.62,0.50535,0,16384,0,0
39.424,21.152,9.056,4.15584e+08,25365.3,1662.34,0.50535,0,16384,0,0
40.08,22.016,8,4.08782e+08,24950.1,1635.13,0.50535,0,16384,0,0
39.105,20.704,9.472,4.18975e+08,25572.2,1675.9,0.50535,0,16384,0,0
38.928,20,10.08,4.2088e+08,25688.5,1683.52,0.50535,0,16384,0,0
39.776,21.088,9.856,4.11907e+08,25140.8,1647.63,0.50535,0,16384,0,0
42.129,23.168,9.024,3.88901e+08,23736.6,1555.6,0.50535,0,16384,0,0
39.984,21.6,9.312,4.09764e+08,25010,1639.06,0.50535,0,16384,0,0
38.832,20.416,9.728,4.2192e+08,25752,1687.68,0.50535,0,16384,0,0
40.032,21.152,9.696,4.09273e+08,24980,1637.09,0.50535,0,16384,0,0
40.848,21.76,9.184,4.01097e+08,24481,1604.39,0.50535,0,16384,0,0
41.184,22.496,8.864,3.97824e+08,24281.3,1591.3,0.50535,0,16384,0,0
41.296,23.008,8.352,3.96745e+08,24215.4,1586.98,0.50535,0,16384,0,0
40.432,21.408,9.856,4.05224e+08,24732.9,1620.89,0.50535,0,16384,0,0
39.776,21.6,9.216,4.11907e+08,25140.8,1647.63,0.50535,0,16384,0,0
41.056,22.176,8.928,3.99065e+08,24357,1596.26,0.50535,0,16384,0,0
40.912,22.08,8.768,4.00469e+08,24442.7,1601.88,0.50535,0,16384,0,0
40.48,21.952,9.6,4.04743e+08,24703.6,1618.97,0.50535,0,16384,0,0
40.672,21.984,8.448,4.02832e+08,24586.9,1611.33,0.50535,0,16384,0,0
40.672,21.76,9.408,4.02832e+08,24586.9,1611.33,0.40428,0,16384,0,0
39.712,21.376,9.248,4.12571e+08,25181.3,1650.28,0.40428,0,16384,0,0
41.472,23.04,8.416,3.95062e+08,24112.7,1580.25,0.40428,0,16384,0,0
41.536,23.008,8.512,3.94453e+08,24075.5,1577.81,0.40428,0,16384,0,0
40.208,22.336,8.544,4.07481e+08,24870.7,1629.92,0.40428,0,16384,0,0
38.944,20.576,9.92,4.20707e+08,25677.9,1682.83,0.40428,0,16384,0,0
39.584,20.928,8.96,4.13905e+08,25262.7,1655.62,0.40428,0,16384,0,0
39.184,20.64,9.568,4.1813e+08,25520.6,1672.52,0.40428,0,16384,0,0
39.808,21.184,9.408,4.11576e+08,25120.6,1646.3,0.40428,0,16384,0,0
39.489,20.992,9.728,4.149e+08,25323.5,1659.6,0.40428,0,16384,0,0
39.712,20.832,9.824,4.12571e+08,25181.3,1650.28,0.40428,0,16384,0,0
39.504,20.896,9.408,4.14743e+08,25313.9,1658.97,0.40428,0,16384,0,0
40.128,21.664,9.088,4.08293e+08,24920.3,1633.17,0.40428,0,16384,0,0
42.88,23.68,9.024,3.8209e+08,23320.9,1528.36,0.40428,0,16384,0,0
40.512,22.592,8.064,4.04423e+08,24684,1617.69,0.40428,0,16384,0,0
40.289,21.696,9.12,4.06662e+08,24820.7,1626.65,0.40428,0,16384,0,0
39.952,21.408,9.792,4.10092e+08,25030,1640.37,0.40428,0,16384,0,0
38.624,20.416,9.408,4.24192e+08,25890.6,1696.77,0.40428,0,16384,0,0
41.297,22.112,9.088,3.96736e+08,24214.8,1586.94,0.40428,0,16384,0,0
42.96,24,9.024,3.81378e+08,23277.5,1525.51,0.40428,0,16384,0,0
41.456,22.496,9.216,3.95214e+08,24122,1580.86,0.40428,0,16384,0,0
42.449,24,8.704,3.85969e+08,23557.7,1543.88,1.2758,0,16384,0,0
40.912,22.016,9.184,4.00469e+08,24442.7,1601.88,1.2758,0,16384,0,0
41.824,23.04,8.736,3.91737e+08,23909.7,1566.95,1.2758,0,16384,0,0
41.953,23.488,8.48,3.90532e+08,23836.2,1562.13,1.2758,0,16384,0,0
40.752,21.952,9.888,4.02042e+08,24538.7,1608.17,1.2758,0,16384,0,0
38.512,20.928,8.928,4.25426e+08,25965.9,1701.7,1.2758,0,16384,0,0
37.904,20.32,9.056,4.3225e+08,26382.4,1729,1.2758,0,16384,0,0
38.624,20.544,9.024,4.24192e+08,25890.6,1696.77,1.2758,0,16384,0,0
41.92,20.896,8.352,3.9084e+08,23855,1563.36,1.2758,0,16384,0,0
40.144,20.8,10.112,4.08131e+08,24910.3,1632.52,1.2758,0,16384,0,0
39.12,21.152,8.928,4.18814e+08,25562.4,1675.26,1.2758,0,16384,0,0
40.064,20.896,9.856,4.08946e+08,24960.1,1635.78,1.2758,0,16384,0,0
40.208,21.44,9.248,4.07481e+08,24870.7,1629.92,1.2758,0,16384,0,0
40.096,21.792,8.384,4.08619e+08,24940.1,1634.48,1.2758,0,16384,0,0
43.504,25.184,8.576,3.76609e+08,22986.4,1506.44,1.2758,0,16384,0,0
37.632,19.808,9.408,4.35374e+08,26573.1,1741.5,1.2758,0,16384,0,0
39.584,20.896,9.888,4.13905e+08,25262.7,1655.62,1.2758,0,16384,0,0
40.096,21.024,9.696,4.08619e+08,24940.1,1634.48,1.2758,0,16384,0,0
41.472,22.048,9.152,3.95062e+08,24112.7,1580.25,1.2758,0,16384,0,0
38.785,20.576,9.536,4.22431e+08,25783.2,1689.73,1.2758,0,16384,0,0
36.928,19.136,9.088,4.43674e+08,27079.7,1774.7,1.2758,0,16384,0,0
41.456,22.88,8.768,3.95214e+08,24122,1580.86,1.02064,0,16384,0,0
41.057,22.592,8.48,3.99055e+08,24356.4,1596.22,1.02064,0,16384,0,0
40.368,22.208,8.256,4.05866e+08,24772.1,1623.46,1.02064,0,16384,0,0
40.112,21.952,8.576,4.08456e+08,24930.2,1633.83,1.02064,0,16384,0,0
39.761,22.016,8.192,4.12062e+08,25150.3,1648.25,1.02064,0,16384,0,0
39.472,20.832,9.536,4.15079e+08,25334.4,1660.32,1.02064,0,16384,0,0
26.432,8.256,8.576,6.19855e+08,37832.9,2479.42,1.02064,0,16384,0,0
40.368,22.24,8.672,4.05866e+08,24772.1,1623.46,1.02064,0,16384,0,0
38.88,21.12,9.024,4.21399e+08,25720.2,1685.6,1.02064,0,16384,0,0
37.84,19.712,9.6,4.32981e+08,26427.1,1731.92,1.02064,0,16384,0,0
39.665,21.408,9.184,4.13059e+08,25211.1,1652.24,1.02064,0,16384,0,0
41.968,23.232,8.64,3.90393e+08,23827.7,1561.57,1.02064,0,16384,0,0
40.176,21.92,8.768,4.07806e+08,24890.5,1631.22,1.02064,0,16384,0,0
39.488,21.344,8.416,4.14911e+08,25324.1,1659.64,1.02064,0,16384,0,0
39.36,21.344,9.152,4.1626e+08,25406.5,1665.04,1.02064,0,16384,0,0
37.856,20,9.344,4.32798e+08,26415.9,1731.19,1.02064,0,16384,0,0
39.056,20.544,9.92,4.195e+08,25604.3,1678,1.02064,0,16384,0,0
39.472,21.44,8.32,4.15079e+08,25334.4,1660.32,1.02064,0,16384,0,0
39.328,20.992,9.856,4.16599e+08,25427.2,1666.4,1.02064,0,16384,0,0
38.864,20.48,9.92,4.21573e+08,25730.8,1686.29,1.02064,0,16384,0,0
39.888,20.928,9.792,4.1075e+08,25070.2,1643,1.02064,0,16384,0,0
43.456,24.192,9.248,3.77025e+08,23011.8,1508.1,0.816515,0,16384,0,0
40.912,22.112,9.088,4.00469e+08,24442.7,1601.88,0.816515,0,16384,0,0
41.408,22.88,8.416,3.95672e+08,24149.9,1582.69,0.816515,0,16384,0,0
38.944,21.024,9.024,4.20707e+08,25677.9,1682.83,0.816515,0,16384,0,0
40.688,22.048,8.48,4.02674e+08,24577.3,1610.7,0.816515,0,16384,0,0
41.376,22.368,9.856,3.95978e+08,24168.6,1583.91,0.816515,0,16384,0,0
40.032,21.408,9.568,4.09273e+08,24980,1637.09,0.816515,0,16384,0,0
39.808,21.536,9.088,4.11576e+08,25120.6,1646.3,0.816515,0,16384,0,0
43.552,21.824,8.8,3.76194e+08,22961.1,1504.78,0.816515,0,16384,0,0
40.16,21.248,9.728,4.07968e+08,24900.4,1631.87,0.816515,0,16384,0,0
40.368,22.176,8.64,4.05866e+08,24772.1,1623.46,0.816515,0,16384,0,0
38.416,20.096,9.28,4.26489e+08,26030.8,1705.96,0.816515,0,16384,0,0
38.992,20.768,9.376,4.20189e+08,25646.3,1680.76,0.816515,0,16384,0,0
41.36,22.432,9.056,3.96132e+08,24177.9,1584.53,0.816515,0,16384,0,0
42.688,23.616,9.088,3.83808e+08,23425.8,1535.23,0.816515,0,16384,0,0
39.04,20.672,9.408,4.19672e+08,25614.8,1678.69,0.816515,0,16384,0,0
40.784,22.272,8.544,4.01726e+08,24519.4,1606.9,0.816515,0,16384,0,0
41.872,23.296,8.832,3.91288e+08,23882.3,1565.15,0.816515,0,16384,0,0
39.44,21.376,9.088,4.15416e+08,25355,1661.66,0.816515,0,16384,0,0
41.296,22.144,9.376,3.96745e+08,24215.4,1586.98,0.816515,0,16384,0,0
42.945,23.808,9.216,3.81511e+08,23285.6,1526.04,0.816515,0,16384,0,0
41.008,22.752,8.48,3.99532e+08,24385.5,1598.13,0.816515,0,16384,0,0
39.168,21.92,7.36,4.18301e+08,25531,1673.2,0.653212,0,16384,0,0
42.097,23.136,8.928,3.89196e+08,23754.7,1556.79,0.653212,0,16384,0,0
40.128,21.76,9.44,4.08293e+08,24920.3,1633.17,0.653212,0,16384,0,0
42.08,23.552,8.544,3.89354e+08,23764.3,1557.41,0.653212,0,16384,0,0
39.377,20.48,9.696,4.1608e+08,25395.5,1664.32,0.653212,0,16384,0,0
40.144,21.664,9.248,4.08131e+08,24910.3,1632.52,0.653212,0,16384,0,0
39.28,21.024,9.312,4.17108e+08,25458.2,1668.43,0.653212,0,16384,0,0
39.969,21.92,8.064,4.09918e+08,25019.4,1639.67,0.653212,0,16384,0,0
40.112,21.216,9.952,4.08456e+08,24930.2,1633.83,0.653212,0,16384,0,0
38.816,20.448,9.696,4.22094e+08,25762.6,1688.38,0.653212,0,16384,0,0
38.224,19.776,9.92,4.28631e+08,26161.6,1714.52,0.653212,0,16384,0,0
39.616,20.832,9.952,4.1357e+08,25242.3,1654.28,0.653212,0,16384,0,0
40.656,22.016,8.384,4.02991e+08,24596.6,1611.96,0.653212,0,16384,0,0
41.152,22.4,8.768,3.98134e+08,24300.2,1592.53,0.653212,0,16384,0,0
41.232,22.688,8.544,3.97361e+08,24253,1589.45,0.653212,0,16384,0,0
40.096,22.432,9.216,4.08619e+08,24940.1,1634.48,0.653212,0,16384,0,0
37.6,19.872,9.024,4.35745e+08,26595.7,1742.98,0.653212,0,16384,0,0
40.32,21.696,8.64,4.06349e+08,24801.6,1625.4,0.653212,0,16384,0,0
40.272,22.432,8.48,4.06834e+08,24831.1,1627.33,0.653212,0,16384,0,0
37.632,19.936,9.344,4.35374e+08,26573.1,1741.5,0.653212,0,16384,0,0
37.888,20.032,9.312,4.32432e+08,26393.6,1729.73,0.653212,0,16384,0,0
40.64,22.016,8.864,4.0315e+08,24606.3,1612.6,1.47495,0,16384,0,0
41.424,22.56,8.8,3.9552e+08,24140.6,1582.08,1.47495,0,16384,0,0
40.72,22.272,8.704,4.02358e+08,24558,1609.43,1.47495,0,16384,0,0
42.384,23.648,8.928,3.86561e+08,23593.8,1546.24,1.47495,0,16384,0,0
39.024,20.704,9.6,4.19844e+08,25625.3,1679.38,1.47495,0,16384,0,0
40.097,21.888,9.472,4.08609e+08,24939.5,1634.44,1.47495,0,16384,0,0
40.336,21.696,9.664,4.06188e+08,24791.7,1624.75,1.47495,0,16384,0,0
39.552,21.6,8.352,4.14239e+08,25283.2,1656.96,1.47495,0,16384,0,0
41.009,21.664,9.696,3.99522e+08,24384.9,1598.09,1.47495,0,16384,0,0
37.92,20.064,9.12,4.32068e+08,26371.3,1728.27,1.47495,0,16384,0,0
40.576,22.24,8.352,4.03785e+08,24645.1,1615.14,1.47495,0,16384,0,0
41.633,22.816,8.896,3.93534e+08,24019.4,1574.14,1.47495,0,16384,0,0
40.08,21.408,9.568,4.08782e+08,24950.1,1635.13,1.47495,0,16384,0,0
39.872,21.152,9.536,4.10915e+08,25080.3,1643.66,1.47495,0,16384,0,0
39.504,20.416,10.016,4.14743e+08,25313.9,1658.97,1.47495,0,16384,0,0
42.32,23.456,9.088,3.87146e+08,23629.5,1548.58,1.47495,0,16384,0,0
40.544,21.216,9.984,4.04104e+08,24664.6,1616.42,1.47495,0,16384,0,0
40.896,22.304,8.832,4.00626e+08,24452.3,1602.5,1.47495,0,16384,0,0
39.664,20.864,10.016,4.1307e+08,25211.8,1652.28,1.47495,0,16384,0,0
38.256,20.384,9.216,4.28273e+08,26139.7,1713.09,1.47495,0,16384,0,0
39.152,20.48,10.08,4.18472e+08,25541.5,1673.89,1.47495,0,16384,0,0
41.456,23.168,8.256,3.95214e+08,24122,1580.86,2.13234,0,16384,0,0
41.232,22.496,8.992,3.97361e+08,24253,1589.45,2.13234,0,16384,0,0
38.864,21.12,9.056,4.21573e+08,25730.8,1686.29,2.13234,0,16384,0,0
39.392,21.696,8.256,4.15922e+08,25385.9,1663.69,2.13234,0,16384,0,0
41.216,22.016,10.08,3.97516e+08,24262.4,1590.06,2.13234,0,16384,0,0
40.16,19.904,9.536,4.07968e+08,24900.4,1631.87,2.13234,0,16384,0,0
39.648,21.056,9.632,4.13236e+08,25222,1652.95,2.13234,0,16384,0,0
39.664,21.408,8.64,4.1307e+08,25211.8,1652.28,2.13234,0,16384,0,0
39.008,20.672,9.856,4.20016e+08,25635.8,1680.07,2.13234,0,16384,0,0
38.048,20.064,9.408,4.30614e+08,26282.6,1722.46,2.13234,0,16384,0,0
40.368,22.08,8.352,4.05866e+08,24772.1,1623.46,2.13234,0,16384,0,0
41.28,22.496,8.896,3.96899e+08,24224.8,1587.6,2.13234,0,16384,0,0
40.4,21.824,9.152,4.05545e+08,24752.5,1622.18,2.13234,0,16384,0,0
39.648,20.512,10.048,4.13236e+08,25222,1652.95,2.13234,0,16384,0,0
38.032,20.064,9.6,4.30795e+08,26293.6,1723.18,2.13234,0,16384,0,0
39.552,21.184,8.608,4.14239e+08,25283.2,1656.96,2.13234,0,16384,0,0
38.64,20.48,9.696,4.24017e+08,25879.9,1696.07,2.13234,0,16384,0,0
38.496,21.44,9.344,4.25603e+08,25976.7,1702.41,2.13234,0,16384,0,0
38.545,20.704,8.064,4.25062e+08,25943.7,1700.25,2.13234,0,16384,0,0
42.112,23.104,8.864,3.89058e+08,23746.2,1556.23,2.13234,0,16384,0,0
39.2,21.088,8.544,4.17959e+08,25510.2,1671.84,2.13234,0,16384,0,0
41.216,22.56,9.056,3.97516e+08,24262.4,1590.06,1.70587,0,16384,0,0
39.28,20.8,8.8,4.17108e+08,25458.2,1668.43,1.70587,0,16384,0,0
39.12,21.024,8.576,4.18814e+08,25562.4,1675.26,1.70587,0,16384,0,0
39.569,21.28,8.704,4.14062e+08,25272.3,1656.25,1.70587,0,16384,0,0
37.248,19.008,9.376,4.39863e+08,26847.1,1759.45,1.70587,0,16384,0,0
39.648,22.24,7.488,4.13236e+08,25222,1652.95,1.70587,0,16384,0,0
39.201,20.384,9.856,4.17949e+08,25509.6,1671.79,1.70587,0,16384,0,0
40.032,21.408,8.608,4.09273e+08,24980,1637.09,1.70587,0,16384,0,0
40.32,21.728,8.224,4.06349e+08,24801.6,1625.4,1.70587,0,16384,0,0
39.744,21.792,8.352,4.12238e+08,25161,1648.95,1.70587,0,16384,0,0
40.24,22.976,8.032,4.07157e+08,24850.9,1628.63,1.70587,0,16384,0,0
39.952,21.024,9.088,4.10092e+08,25030,1640.37,1.70587,0,16384,0,0
39.552,21.088,8.832,4.14239e+08,25283.2,1656.96,1.70587,0,16384,0,0
39.232,20.832,8.832,4.17618e+08,25489.4,1670.47,1.70587,0,16384,0,0
39.184,20.928,8.8,4.1813e+08,25520.6,1672.52,1.70587,0,16384,0,0
41.568,23.008,8.576,3.94149e+08,24057,1576.6,1.70587,0,16384,0,0
40.816,22.048,8.672,4.01411e+08,24500.2,1605.64,1.70587,0,16384,0,0
38.368,20.832,8.032,4.27023e+08,26063.4,1708.09,1.70587,0,16384,0,0
40.208,21.952,8.768,4.07481e+08,24870.7,1629.92,1.70587,0,16384,0,0
41.072,22.336,9.152,3.98909e+08,24347.5,1595.64,1.70587,0,16384,0,0
38.928,20.704,9.792,4.2088e+08,25688.5,1683.52,1.70587,0,16384,0,0
39.76,21.696,8.608,4.12072e+08,25150.9,1648.29,1.70587,0,16384,0,0
39.809,21.184,8.896,4.11565e+08,25119.9,1646.26,1.3647,0,16384,0,0
41.376,22.24,9.12,3.95978e+08,24168.6,1583.91,1.3647,0,16384,0,0
41.168,22.656,8.64,3.97979e+08,24290.7,1591.92,1.3647,0,16384,0,0
37.761,20,9.312,4.33887e+08,26482.3,1735.55,1.3647,0,16384,0,0
39.44,20.896,10.048,4.15416e+08,25355,1661.66,1.3647,0,16384,0,0
39.808,21.12,9.664,4.11576e+08,25120.6,1646.3,1.3647,0,16384,0,0
39.792,22.272,7.488,4.11741e+08,25130.7,1646.96,1.3647,0,16384,0,0
40.56,21.216,10.208,4.03945e+08,24654.8,1615.78,1.3647,0,16384,0,0
39.008,20.64,9.76,4.20016e+08,25635.8,1680.07,1.3647,0,16384,0,0
41.457,22.944,8.448,3.95205e+08,24121.4,1580.82,1.3647,0,16384,0,0
41.056,22.56,8.512,3.99065e+08,24357,1596.26,1.3647,0,16384,0,0
40.912,22.272,8.736,4.00469e+08,24442.7,1601.88,1.3647,0,16384,0,0
39.312,21.216,9.056,4.16768e+08,25437.5,1667.07,1.3647,0,16384,0,0
39.312,20.8,9.184,4.16768e+08,25437.5,1667.07,1.3647,0,16384,0,0
38.48,20.448,9.504,4.2578e+08,25987.5,1703.12,1.3647,0,16384,0,0
38.576,20.224,9.728,4.2472e+08,25922.9,1698.88,1.3647,0,16384,0,0
39.696,20.768,10.016,4.12737e+08,25191.5,1650.95,1.3647,0,16384,0,0
38.736,20.576,9.248,4.22966e+08,25815.8,1691.86,1.3647,0,16384,0,0
41.792,22.816,9.056,3.92037e+08,23928,1568.15,1.3647,0,16384,0,0
39.056,21.024,9.184,4.195e+08,25604.3,1678,1.3647,0,16384,0,0
41.184,22.432,8.992,3.97824e+08,24281.3,1591.3,1.3647,0,16384,0,0
39.872,21.504,8.384,4.10915e+08,25080.3,1643.66,1.09176,0,16384,0,0
38.56,20.384,9.216,4.24896e+08,25933.6,1699.59,1.09176,0,16384,0,0
37.856,19.872,9.184,4.32798e+08,26415.9,1731.19,1.09176,0,16384,0,0
38.816,20.416,9.184,4.22094e+08,25762.6,1688.38,1.09176,0,16384,0,0
40.545,21.888,8.608,4.04094e+08,24664,1616.38,1.09176,0,16384,0,0
39.152,20.352,9.568,4.18472e+08,25541.5,1673.89,1.09176,0,16384,0,0
38.128,19.488,9.824,4.2971e+08,26227.4,1718.84,1.09176,0,16384,0,0
38.865,20.608,9.184,4.21562e+08,25730.1,1686.25,1.09176,0,16384,0,0
38.688,20.512,8.448,4.2349e+08,25847.8,1693.96,1.09176,0,16384,0,0
39.696,21.44,8.64,4.12737e+08,25191.5,1650.95,1.09176,0,16384,0,0
38.529,20.96,8.032,4.25238e+08,25954.5,1700.95,1.09176,0,16384,0,0
40.736,21.984,8.608,4.022e+08,24548.3,1608.8,1.09176,0,16384,0,0
39.488,21.024,9.6,4.14911e+08,25324.1,1659.64,1.09176,0,16384,0,0
39.296,21.152,8.992,4.16938e+08,25447.9,1667.75,1.09176,0,16384,0,0
40.88,22.272,8.8,4.00783e+08,24461.8,1603.13,1.09176,0,16384,0,0
40.688,22.24,8.32,4.02674e+08,24577.3,1610.7,1.09176,0,16384,0,0
42.016,23.36,8.8,3.89947e+08,23800.5,1559.79,1.09176,0,16384,0,0
38.928,20.928,8.352,4.2088e+08,25688.5,1683.52,1.09176,0,16384,0,0
39.872,21.856,8.416,4.10915e+08,25080.3,1643.66,1.09176,0,16384,0,0
40.16,21.984,8.512,4.07968e+08,24900.4,1631.87,1.09176,0,16384,0,0
38.208,19.936,9.728,4.28811e+08,26172.5,1715.24,1.09176,0,16384,0,0
41.056,22.336,9.568,3.99065e+08,24357,1596.26,0.873407,0,16384,0,0
38.496,20.032,9.728,4.25603e+08,25976.7,1702.41,0.873407,0,16384,0,0
40.352,22.496,8.384,4.06027e+08,24781.9,1624.11,0.873407,0,16384,0,0
41.792,23.456,8.416,3.92037e+08,23928,1568.15,0.873407,0,16384,0,0
40.112,21.728,9.472,4.08456e+08,24930.2,1633.83,0.873407,0,16384,0,0
36.816,19.136,9.056,4.45024e+08,27162.1,1780.1,0.873407,0,16384,0,0
37.76,19.808,9.184,4.33898e+08,26483.1,1735.59,0.873407,0,16384,0,0
40.56,22.304,8.224,4.03945e+08,24654.8,1615.78,0.873407,0,16384,0,0
41.408,22.624,8.768,3.95672e+08,24149.9,1582.69,0.873407,0,16384,0,0
40.656,22.144,8.576,4.02991e+08,24596.6,1611.96,0.873407,0,16384,0,0
39.52,21.344,9.056,4.14575e+08,25303.6,1658.3,0.873407,0,16384,0,0
38.817,20.768,9.184,4.22083e+08,25761.9,1688.33,0.873407,0,16384,0,0
40.096,21.184,9.92,4.08619e+08,24940.1,1634.48,0.873407,0,16384,0,0
41.616,22.944,8.48,3.93695e+08,24029.2,1574.78,0.873407,0,16384,0,0
39.025,20.576,9.76,4.19833e+08,25624.6,1679.33,0.873407,0,16384,0,0
38,20.128,9.728,4.31158e+08,26315.8,1724.63,0.873407,0,16384,0,0
38.064,21.152,9.056,4.30433e+08,26271.5,1721.73,0.873407,0,16384,0,0
39.536,20.864,10.016,4.14407e+08,25293.4,1657.63,0.873407,0,16384,0,0
40.08,22.048,8.064,4.08782e+08,24950.1,1635.13,0.873407,0,16384,0,0
43.856,26.08,9.984,3.73586e+08,22801.9,1494.35,0.873407,0,16384,0,0
38.64,21.088,9.6,4.24017e+08,25879.9,1696.07,0.873407,0,16384,0,0
38.416,21.504,9.184,4.26489e+08,26030.8,1705.96,0.873407,0,16384,0,0
40.016,22.88,8.928,4.09436e+08,24990,1637.74,1.65111,0,16384,0,0
39.2,21.408,9.568,4.17959e+08,25510.2,1671.84,1.65111,0,16384,0,0
41.376,22.688,10.08,3.95978e+08,24168.6,1583.91,1.65111,0,16384,0,0
40.288,22.08,8.992,4.06672e+08,24821.3,1626.69,1.65111,0,16384,0,0
38.848,20.96,9.184,4.21746e+08,25741.4,1686.99,1.65111,0,16384,0,0
39.728,21.152,8.288,4.12404e+08,25171.2,1649.62,1.65111,0,16384,0,0
193.248,134.272,21.12,8.47822e+07,5174.7,339.129,1.65111,0,16384,0,0
178.913,143.36,23.808,9.15752e+07,5589.31,366.301,1.65111,0,16384,0,0
30.96,11.872,9.568,5.29199e+08,32299.7,2116.8,1.65111,0,16384,0,0
81.68,30.688,38.368,2.00588e+08,12242.9,802.351,1.65111,0,16384,0,0
158.209,122.816,22.432,1.03559e+08,6320.75,414.237,1.65111,0,16384,0,0
62.48,41.12,11.296,2.62228e+08,16005.1,1048.91,1.65111,0,16384,0,0
42.576,23.424,10.688,3.84818e+08,23487.4,1539.27,1.65111,0,16384,0,0
39.696,20.64,10.208,4.12737e+08,25191.5,1650.95,1.65111,0,16384,0,0
39.793,15.744,9.344,4.11731e+08,25130,1646.92,1.65111,0,16384,0,0
42.944,23.84,9.152,3.8152e+08,23286.1,1526.08,1.65111,0,16384,0,0
41.728,23.136,8.48,3.92638e+08,23964.7,1570.55,1.65111,0,16384,0,0
38.801,20.416,9.728,4.22257e+08,25772.5,1689.03,1.65111,0,16384,0,0
44.512,20.128,15.584,3.68081e+08,22465.9,1472.32,1.65111,0,16384,0,0
39.952,21.76,9.216,4.10092e+08,25030,1640.37,1.65111,0,16384,0,0
41.585,22.816,8.672,3.93988e+08,24047.1,1575.95,1.65111,0,16384,0,0
42.24,23.68,8.704,3.87879e+08,23674.2,1551.52,1.32089,0,16384,0,0
41.824,22.624,10.208,3.91737e+08,23909.7,1566.95,1.32089,0,16384,0,0
40.433,21.216,10.08,4.05214e+08,24732.3,1620.85,1.32089,0,16384,0,0
39.808,21.248,9.216,4.11576e+08,25120.6,1646.3,1.32089,0,16384,0,0
41.872,22.336,9.248,3.91288e+08,23882.3,1565.15,1.32089,0,16384,0,0
39.328,21.088,9.28,4.16599e+08,25427.2,1666.4,1.32089,0,16384,0,0
40.144,21.408,9.696,4.08131e+08,24910.3,1632.52,1.32089,0,16384,0,0
39.984,21.248,9.312,4.09764e+08,25010,1639.06,1.32089,0,16384,0,0
41.697,23.136,8.608,3.9293e+08,23982.5,1571.72,1.32089,0,16384,0,0
42.304,23.616,8.704,3.87292e+08,23638.4,1549.17,1.32089,0,16384,0,0
41.408,22.72,8.832,3.95672e+08,24149.9,1582.69,1.32089,0,16384,0,0
39.872,21.44,9.408,4.10915e+08,25080.3,1643.66,1.32089,0,16384,0,0
40.048,21.344,9.792,4.09109e+08,24970,1636.44,1.32089,0,16384,0,0
39.52,20.864,10.112,4.14575e+08,25303.6,1658.3,1.32089,0,16384,0,0
38.512,19.872,10.016,4.25426e+08,25965.9,1701.7,1.32089,0,16384,0,0
39.168,20.736,9.824,4.18301e+08,25531,1673.2,1.32089,0,16384,0,0
38.896,20.576,9.856,4.21226e+08,25709.6,1684.9,1.32089,0,16384,0,0
39.136,20.672,9.92,4.18643e+08,25551.9,1674.57,1.32089,0,16384,0,0
40.336,22.016,9.632,4.06188e+08,24791.7,1624.75,1.32089,0,16384,0,0
41.44,22.944,10.208,3.95367e+08,24131.3,1581.47,1.32089,0,16384,0,0
41.328,21.984,10.56,3.96438e+08,24196.7,1585.75,1.32089,0,16384,0,0
40.112,22.464,9.056,4.08456e+08,24930.2,1633.83,1.05671,0,16384,0,0
40,22.4,8.832,4.096e+08,25000,1638.4,1.05671,0,16384,0,0
40.176,21.76,9.856,4.07806e+08,24890.5,1631.22,1.05671,0,16384,0,0
37.825,20.064,9.248,4.33153e+08,26437.5,1732.61,1.05671,0,16384,0,0
38.544,20.384,9.472,4.25073e+08,25944.4,1700.29,1.05671,0,16384,0,0
40.32,21.408,8.608,4.06349e+08,24801.6,1625.4,1.05671,0,16384,0,0
40.753,22.144,8.448,4.02032e+08,24538.1,1608.13,1.05671,0,16384,0,0
40.128,22.176,8.288,4.08293e+08,24920.3,1633.17,1.05671,0,16384,0,0
42.096,23.232,9.248,3.89206e+08,23755.2,1556.82,1.05671,0,16384,0,0
119.169,46.112,22.752,1.37485e+08,8391.44,549.942,1.05671,0,16384,0,0
38.896,20.704,8.8,4.21226e+08,25709.6,1684.9,1.05671,0,16384,0,0
38.624,20.576,9.312,4.24192e+08,25890.6,1696.77,1.05671,0,16384,0,0
38.241,20.032,9.76,4.28441e+08,26149.9,1713.76,1.05671,0,16384,0,0
38.736,20.672,9.536,4.22966e+08,25815.8,1691.86,1.05671,0,16384,0,0
40.832,21.984,8.736,4.01254e+08,24490.6,1605.02,1.05671,0,16384,0,0
40.593,21.952,9.568,4.03616e+08,24634.8,1614.47,1.05671,0,16384,0,0
40.32,21.376,9.664,4.06349e+08,24801.6,1625.4,1.05671,0,16384,0,0
39.824,21.376,9.504,4.1141e+08,25110.5,1645.64,1.05671,0,16384,0,0
45.297,27.36,8.064,3.61702e+08,22076.5,1446.81,1.05671,0,16384,0,0
39.712,20.864,9.888,4.12571e+08,25181.3,1650.28,1.05671,0,16384,0,0
39.84,20.864,10.016,4.11245e+08,25100.4,1644.98,1.05671,0,16384,0,0
44.128,24.352,9.248,3.71284e+08,22661.3,1485.13,0.845367,0,16384,0,0
40.368,21.824,8.672,4.05866e+08,24772.1,1623.46,0.845367,0,16384,0,0
38.08,20.288,9.216,4.30252e+08,26260.5,1721.01,0.845367,0,16384,0,0
38.848,20.48,9.664,4.21746e+08,25741.4,1686.99,0.845367,0,16384,0,0
40,20.96,9.984,4.096e+08,25000,1638.4,0.845367,0,16384,0,0
42.528,23.136,9.312,3.85252e+08,23513.9,1541.01,0.845367,0,16384,0,0
41.76,23.296,9.312,3.92337e+08,23946.4,1569.35,0.845367,0,16384,0,0
37.968,20.192,9.088,4.31521e+08,26338,1726.09,0.845367,0,16384,0,0
40.816,22.496,8.32,4.01411e+08,24500.2,1605.64,0.845367,0,16384,0,0
41.12,22.336,8.608,3.98444e+08,24319.1,1593.77,0.845367,0,16384,0,0
41.296,22.464,8.864,3.96745e+08,24215.4,1586.98,0.845367,0,16384,0,0
39.936,21.216,9.344,4.10256e+08,25040.1,1641.03,0.845367,0,16384,0,0
40.176,21.184,9.984,4.07806e+08,24890.5,1631.22,0.845367,0,16384,0,0
38.801,20.352,9.216,4.22257e+08,25772.5,1689.03,0.845367,0,16384,0,0
37.792,20.832,7.52,4.33531e+08,26460.6,1734.12,0.845367,0,16384,0,0
38.048,20.64,8.928,4.30614e+08,26282.6,1722.46,0.845367,0,16384,0,0
39.985,20.992,9.888,4.09754e+08,25009.4,1639.01,0.845367,0,16384,0,0
38.48,20.576,9.056,4.2578e+08,25987.5,1703.12,0.845367,0,16384,0,0
39.344,20.8,8.48,4.16429e+08,25416.8,1665.72,0.845367,0,16384,0,0
40.353,21.728,8.768,4.06017e+08,24781.3,1624.07,0.845367,0,16384,0,0
39.584,21.184,9.344,4.13905e+08,25262.7,1655.62,0.845367,0,16384,0,0
38.384,19.936,9.248,4.26845e+08,26052.5,1707.38,0.845367,0,16384,0,0
38.321,20.032,9.472,4.27546e+08,26095.4,1710.19,2.49448,0,16384,0,0
40.512,21.824,8.96,4.04423e+08,24684,1617.69,2.49448,0,16384,0,0
38.176,20.128,9.568,4.2917e+08,26194.5,1716.68,2.49448,0,16384,0,0
40.32,22.016,8.544,4.06349e+08,24801.6,1625.4,2.49448,0,16384,0,0
38.944,20.512,9.792,4.20707e+08,25677.9,1682.83,2.49448,0,16384,0,0
38.128,19.936,9.6,4.2971e+08,26227.4,1718.84,2.49448,0,16384,0,0
41.088,21.92,9.248,3.98754e+08,24338,1595.02,2.49448,0,16384,0,0
40.288,21.152,10.016,4.06672e+08,24821.3,1626.69,2.49448,0,16384,0,0
38.528,20.192,9.504,4.25249e+08,25955.1,1701,2.49448,0,16384,0,0
39.888,21.376,9.44,4.1075e+08,25070.2,1643,2.49448,0,16384,0,0
39.872,21.344,8.352,4.10915e+08,25080.3,1643.66,2.49448,0,16384,0,0
39.136,20.928,9.024,4.18643e+08,25551.9,1674.57,2.49448,0,16384,0,0
38.448,20.16,9.632,4.26134e+08,26009.2,1704.54,2.49448,0,16384,0,0
39.968,21.472,8.736,4.09928e+08,25020,1639.71,2.49448,0,16384,0,0
41.184,22.88,8.352,3.97824e+08,24281.3,1591.3,2.49448,0,16384,0,0
43.36,22.144,8.928,3.7786e+08,23062.7,1511.44,2.49448,0,16384,0,0
38.56,20.192,9.824,4.24896e+08,25933.6,1699.59,2.49448,0,16384,0,0
40.432,22.56,8.448,4.05224e+08,24732.9,1620.89,2.49448,0,16384,0,0
38.992,20.736,9.792,4.20189e+08,25646.3,1680.76,2.49448,0,16384,0,0
39.393,21.12,9.696,4.15911e+08,25385.2,1663.65,2.49448,0,16384,0,0
41.584,22.432,9.248,3.93998e+08,24047.7,1575.99,2.49448,0,16384,0,0
42.384,23.68,8.928,3.86561e+08,23593.8,1546.24,1.99558,0,16384,0,0
39.792,21.408,9.184,4.11741e+08,25130.7,1646.96,1.99558,0,16384,0,0
39.92,21.6,9.12,4.10421e+08,25050.1,1641.68,1.99558,0,16384,0,0
39.616,20.768,9.536,4.1357e+08,25242.3,1654.28,1.99558,0,16384,0,0
40.033,21.504,8.736,4.09262e+08,24979.4,1637.05,1.99558,0,16384,0,0
37.584,19.104,9.824,4.3593e+08,26607.1,1743.72,1.99558,0,16384,0,0
38.832,20.256,9.6,4.2192e+08,25752,1687.68,1.99558,0,16384,0,0
38.417,20.288,9.344,4.26478e+08,26030.1,1705.91,1.99558,0,16384,0,0
40.816,21.888,8.8,4.01411e+08,24500.2,1605.64,1.99558,0,16384,0,0
40.144,21.952,8.128,4.08131e+08,24910.3,1632.52,1.99558,0,16384,0,0
40.992,22.336,9.44,3.99688e+08,24395,1598.75,1.99558,0,16384,0,0
38.272,20.064,9.152,4.28094e+08,26128.8,1712.37,1.99558,0,16384,0,0
38.624,20.704,8.384,4.24192e+08,25890.6,1696.77,1.99558,0,16384,0,0
37.568,19.968,9.056,4.36116e+08,26618.4,1744.46,1.99558,0,16384,0,0
37.872,20.896,9.088,4.32615e+08,26404.7,1730.46,1.99558,0,16384,0,0
37.696,20.064,9.568,4.34635e+08,26528,1738.54,1.99558,0,16384,0,0
38.144,19.84,9.664,4.2953e+08,26216.4,1718.12,1.99558,0,16384,0,0
39.2,21.184,8.512,4.17959e+08,25510.2,1671.84,1.99558,0,16384,0,0
38.224,20.992,9.184,4.28631e+08,26161.6,1714.52,1.99558,0,16384,0,0
37.536,20.096,8.864,4.36488e+08,26641.1,1745.95,1.99558,0,16384,0,0
39.392,21.76,9.056,4.15922e+08,25385.9,1663.69,1.99558,0,16384,0,0
39.824,22.144,9.376,4.1141e+08,25110.5,1645.64,1.59646,0,16384,0,0
39.152,21.312,9.632,4.18472e+08,25541.5,1673.89,1.59646,0,16384,0,0
39.408,21.824,9.888,4.15753e+08,25375.6,1663.01,1.59646,0,16384,0,0
39.136,20.64,9.216,4.18643e+08,25551.9,1674.57,1.59646,0,16384,0,0
173.985,152.096,8.96,9.4169e+07,5747.62,376.676,1.59646,0,16384,0,0
62.448,40.448,9.696,2.62362e+08,16013.3,1049.45,1.59646,0,16384,0,0
185.392,155.136,9.248,8.83749e+07,5393.98,353.5,1.59646,0,16384,0,0
38.816,20.608,9.696,4.22094e+08,25762.6,1688.38,1.59646,0,16384,0,0
38.433,20.192,9.152,4.263e+08,26019.3,1705.2,1.59646,0,16384,0,0
129.824,97.248,9.056,1.26202e+08,7702.74,504.807,1.59646,0,16384,0,0
53.536,21.856,20.256,3.06037e+08,18679,1224.15,1.59646,0,16384,0,0
46.448,20.384,17.6,3.52739e+08,21529.5,1410.95,1.59646,0,16384,0,0
38.864,20,10.208,4.21573e+08,25730.8,1686.29,1.59646,0,16384,0,0
45.36,26.72,8.288,3.61199e+08,22045.9,1444.8,1.59646,0,16384,0,0
39.873,21.44,9.632,4.10905e+08,25079.6,1643.62,1.59646,0,16384,0,0
39.248,20.416,9.92,4.17448e+08,25479,1669.79,1.59646,0,16384,0,0
39.024,20.864,9.28,4.19844e+08,25625.3,1679.38,1.59646,0,16384,0,0
41.569,22.304,8.96,3.9414e+08,24056.4,1576.56,1.59646,0,16384,0,0
39.76,21.344,9.472,4.12072e+08,25150.9,1648.29,1.59646,0,16384,0,0
38.72,20.192,9.696,4.2314e+08,25826.4,1692.56,1.59646,0,16384,0,0
40.032,21.12,9.888,4.09273e+08,24980,1637.09,1.59646,0,16384,0,0
43.536,24.512,8.768,3.76332e+08,22969.5,1505.33,1.27717,0,16384,0,0
38.864,20.416,9.76,4.21573e+08,25730.8,1686.29,1.27717,0,16384,0,0
40.273,21.92,8.736,4.06823e+08,24830.5,1627.29,1.27717,0,16384,0,0
39.6,22.304,7.456,4.13737e+08,25252.5,1654.95,1.27717,0,16384,0,0
39.936,21.312,9.536,4.10256e+08,25040.1,1641.03,1.27717,0,16384,0,0
40.337,21.504,10.016,4.06178e+08,24791.1,1624.71,1.27717,0,16384,0,0
40.352,20.992,9.952,4.06027e+08,24781.9,1624.11,1.27717,0,16384,0,0
39.904,20.864,9.76,4.10585e+08,25060.1,1642.34,1.27717,0,16384,0,0
40.593,22.016,8.832,4.03616e+08,24634.8,1614.47,1.27717,0,16384,0,0
40.576,22.368,8.48,4.03785e+08,24645.1,1615.14,1.27717,0,16384,0,0
40.288,21.632,8.672,4.06672e+08,24821.3,1626.69,1.27717,0,16384,0,0
41.936,22.784,9.216,3.90691e+08,23845.9,1562.76,1.27717,0,16384,0,0
40.112,21.408,9.024,4.08456e+08,24930.2,1633.83,1.27717,0,16384,0,0
43.568,26.176,8.736,3.76056e+08,22952.6,1504.22,1.27717,0,16384,0,0
38.192,21.12,9.312,4.2899e+08,26183.5,1715.96,1.27717,0,16384,0,0
38.336,20.288,8.64,4.27379e+08,26085.1,1709.52,1.27717,0,16384,0,0
38.736,21.344,8.256,4.22966e+08,25815.8,1691.86,1.27717,0,16384,0,0
39.136,20.64,8.896,4.18643e+08,25551.9,1674.57,1.27717,0,16384,0,0
39.872,21.44,10.272,4.10915e+08,25080.3,1643.66,1.27717,0,16384,0,0
38.192,21.024,9.024,4.2899e+08,26183.5,1715.96,1.27717,0,16384,0,0
39.44,21.248,9.696,4.15416e+08,25355,1661.66,1.27717,0,16384,0,0
38.416,21.536,9.024,4.26489e+08,26030.8,1705.96,1.27717,0,16384,0,0
40.592,22.336,9.6,4.03626e+08,24635.4,1614.51,1.02174,0,16384,0,0
38.704,20.896,8.256,4.23315e+08,25837.1,1693.26,1.02174,0,16384,0,0
39.936,21.76,8.48,4.10256e+08,25040.1,1641.03,1.02174,0,16384,0,0
40.464,16.096,10.816,4.04903e+08,24713.3,1619.61,1.02174,0,16384,0,0
65.456,34.784,13.92,2.50306e+08,15277.4,1001.22,1.02174,0,16384,0,0
132.449,104.448,8.8,1.237e+08,7550.08,494.802,1.02174,0,16384,0,0
40.144,21.6,8.992,4.08131e+08,24910.3,1632.52,1.02174,0,16384,0,0
38.224,20.448,9.408,4.28631e+08,26161.6,1714.52,1.02174,0,16384,0,0
53.089,34.176,9.056,3.08614e+08,18836.3,1234.46,1.02174,0,16384,0,0
38.352,17.472,9.472,4.27201e+08,26074.3,1708.8,1.02174,0,16384,0,0
39.856,21.408,8.704,4.1108e+08,25090.3,1644.32,1.02174,0,16384,0,0
38.689,20.608,9.28,4.2348e+08,25847.1,1693.92,1.02174,0,16384,0,0
39.856,20.512,9.856,4.1108e+08,25090.3,1644.32,1.02174,0,16384,0,0
38.208,19.68,9.824,4.28811e+08,26172.5,1715.24,1.02174,0,16384,0,0
39.456,21.632,8.288,4.15247e+08,25344.7,1660.99,1.02174,0,16384,0,0
38.08,20.032,9.536,4.30252e+08,26260.5,1721.01,1.02174,0,16384,0,0
39.904,20.928,9.952,4.10585e+08,25060.1,1642.34,1.02174,0,16384,0,0
40.4,22.336,8.16,4.05545e+08,24752.5,1622.18,1.02174,0,16384,0,0
42.08,23.072,8.992,3.89354e+08,23764.3,1557.41,1.02174,0,16384,0,0
39.888,21.856,8.896,4.1075e+08,25070.2,1643,1.02174,0,16384,0,0
39.68,20.896,9.536,4.12903e+08,25201.6,1651.61,1.02174,0,16384,0,0
41.984,23.296,8.768,3.90244e+08,23818.6,1560.98,1.76977,0,16384,0,0
39.024,20.896,9.504,4.19844e+08,25625.3,1679.38,1.76977,0,16384,0,0
37.232,19.392,9.312,4.40052e+08,26858.6,1760.21,1.76977,0,16384,0,0
39.568,21.184,9.888,4.14072e+08,25272.9,1656.29,1.76977,0,16384,0,0
42.064,23.232,8.864,3.89502e+08,23773.3,1558.01,1.76977,0,16384,0,0
41.312,22.56,8.8,3.96592e+08,24206,1586.37,1.76977,0,16384,0,0
41.44,22.4,9.184,3.95367e+08,24131.3,1581.47,1.76977,0,16384,0,0
39.312,20.992,9.056,4.16768e+08,25437.5,1667.07,1.76977,0,16384,0,0
39.056,20.512,9.216,4.195e+08,25604.3,1678,1.76977,0,16384,0,0
39.456,21.184,9.152,4.15247e+08,25344.7,1660.99,1.76977,0,16384,0,0
42.112,22.816,9.12,3.89058e+08,23746.2,1556.23,1.76977,0,16384,0,0
39.008,20.96,9.504,4.20016e+08,25635.8,1680.07,1.76977,0,16384,0,0
40.096,20.384,10.88,4.08619e+08,24940.1,1634.48,1.76977,0,16384,0,0
38.032,19.872,9.568,4.30795e+08,26293.6,1723.18,1.76977,0,16384,0,0
41.408,22.528,8.736,3.95672e+08,24149.9,1582.69,1.76977,0,16384,0,0
40.913,22.144,8.832,4.0046e+08,24442.1,1601.84,1.76977,0,16384,0,0
38.976,20.864,9.024,4.20361e+08,25656.8,1681.44,1.76977,0,16384,0,0
40.608,21.6,9.536,4.03467e+08,24625.7,1613.87,1.76977,0,16384,0,0
40.305,21.568,9.472,4.065e+08,24810.8,1626,1.76977,0,16384,0,0
41.904,22.976,9.024,3.90989e+08,23864.1,1563.96,1.76977,0,16384,0,0
40.56,21.568,9.888,4.03945e+08,24654.8,1615.78,1.76977,0,16384,0,0
39.905,21.12,10.144,4.10575e+08,25059.5,1642.3,1.41582,0,16384,0,0
40.192,21.632,9.504,4.07643e+08,24880.6,1630.57,1.41582,0,16384,0,0
40.048,21.696,8.16,4.09109e+08,24970,1636.44,1.41582,0,16384,0,0
39.297,21.12,8.352,4.16928e+08,25447.2,1667.71,1.41582,0,16384,0,0
38.96,21.12,8.352,4.20534e+08,25667.4,1682.14,1.41582,0,16384,0,0
37.616,19.904,9.12,4.35559e+08,26584.4,1742.24,1.41582,0,16384,0,0
39.856,21.376,9.6,4.1108e+08,25090.3,1644.32,1.41582,0,16384,0,0
40.624,21.952,8.384,4.03308e+08,24616,1613.23,1.41582,0,16384,0,0
41.344,22.848,8.448,3.96285e+08,24187.3,1585.14,1.41582,0,16384,0,0
38.56,19.744,9.984,4.24896e+08,25933.6,1699.59,1.41582,0,16384,0,0
39.728,21.184,9.312,4.12404e+08,25171.2,1649.62,1.41582,0,16384,0,0
39.76,21.152,9.312,4.12072e+08,25150.9,1648.29,1.41582,0,16384,0,0
41.344,22.496,8.608,3.96285e+08,24187.3,1585.14,1.41582,0,16384,0,0
40.624,21.952,9.6,4.03308e+08,24616,1613.23,1.41582,0,16384,0,0
39.888,20.896,9.664,4.1075e+08,25070.2,1643,1.41582,0,16384,0,0
40.64,21.536,10.016,4.0315e+08,24606.3,1612.6,1.41582,0,16384,0,0
40.016,21.728,9.248,4.09436e+08,24990,1637.74,1.41582,0,16384,0,0
41.824,22.752,8.992,3.91737e+08,23909.7,1566.95,1.41582,0,16384,0,0
41.04,22.688,8.544,3.9922e+08,24366.5,1596.88,1.41582,0,16384,0,0
40.016,21.28,9.632,4.09436e+08,24990,1637.74,1.41582,0,16384,0,0
39.36,20.928,9.792,4.1626e+08,25406.5,1665.04,1.41582,0,16384,0,0
43.744,25.216,8.768,3.74543e+08,22860.3,1498.17,1.13265,0,16384,0,0
40.304,22.048,8.768,4.06511e+08,24811.4,1626.04,1.13265,0,16384,0,0
41.12,22.176,9.216,3.98444e+08,24319.1,1593.77,1.13265,0,16384,0,0
39.936,21.408,9.664,4.10256e+08,25040.1,1641.03,1.13265,0,16384,0,0
41.008,22.112,8.704,3.99532e+08,24385.5,1598.13,1.13265,0,16384,0,0
40.704,22.144,8.576,4.02516e+08,24567.6,1610.06,1.13265,0,16384,0,0
40.592,21.856,8.768,4.03626e+08,24635.4,1614.51,1.13265,0,16384,0,0
39.248,20.672,9.664,4.17448e+08,25479,1669.79,1.13265,0,16384,0,0
41.248,22.336,8.96,3.97207e+08,24243.6,1588.83,1.13265,0,16384,0,0
41.392,23.36,9.184,3.95825e+08,24159.3,1583.3,1.13265,0,16384,0,0
42.784,25.76,8.512,3.82947e+08,23373.2,1531.79,1.13265,0,16384,0,0
38.528,20.352,9.536,4.25249e+08,25955.1,1701,1.13265,0,16384,0,0
40.912,22.656,8.928,4.00469e+08,24442.7,1601.88,1.13265,0,16384,0,0
40.081,21.344,9.6,4.08772e+08,24949.5,1635.09,1.13265,0,16384,0,0
39.952,21.824,9.152,4.10092e+08,25030,1640.37,1.13265,0,16384,0,0
40.864,12.896,9.696,4.0094e+08,24471.4,1603.76,1.13265,0,16384,0,0
204.449,132.352,21.696,8.01373e+07,4891.2,320.549,1.13265,0,16384,0,0
38.368,20.736,9.248,4.27023e+08,26063.4,1708.09,1.13265,0,16384,0,0
38.736,20.416,9.76,4.22966e+08,25815.8,1691.86,1.13265,0,16384,0,0
38.337,20.32,9.28,4.27368e+08,26084.5,1709.47,1.13265,0,16384,0,0
41.232,23.136,8.096,3.97361e+08,24253,1589.45,1.13265,0,16384,0,0
41.488,22.912,8.512,3.94909e+08,24103.4,1579.64,1.13265,0,16384,0,0
42.128,23.392,8.384,3.8891e+08,23737.2,1555.64,0.906123,0,16384,0,0
40.816,21.696,9.056,4.01411e+08,24500.2,1605.64,0.906123,0,16384,0,0
38.72,20.544,9.216,4.2314e+08,25826.4,1692.56,0.906123,0,16384,0,0
39.888,20.96,9.888,4.1075e+08,25070.2,1643,0.906123,0,16384,0,0
39.584,20.896,9.696,4.13905e+08,25262.7,1655.62,0.906123,0,16384,0,0
41.104,22.752,8.448,3.98599e+08,24328.5,1594.39,0.906123,0,16384,0,0
38.736,20.832,8.928,4.22966e+08,25815.8,1691.86,0.906123,0,16384,0,0
37.457,19.808,9.056,4.37408e+08,26697.3,1749.63,0.906123,0,16384,0,0
39.168,20.576,9.44,4.18301e+08,25531,1673.2,0.906123,0,16384,0,0
40,21.568,8.672,4.096e+08,25000,1638.4,0.906123,0,16384,0,0
38.769,20.704,8.864,4.22606e+08,25793.8,1690.42,0.906123,0,16384,0,0
38.528,20.512,9.248,4.25249e+08,25955.1,1701,0.906123,0,16384,0,0
38.72,20.704,9.152,4.2314e+08,25826.4,1692.56,0.906123,0,16384,0,0
40.657,21.76,9.792,4.02981e+08,24596,1611.92,0.906123,0,16384,0,0
39.456,20.544,9.952,4.15247e+08,25344.7,1660.99,0.906123,0,16384,0,0
40.784,21.824,8.704,4.01726e+08,24519.4,1606.9,0.906123,0,16384,0,0
39.296,20.928,9.088,4.16938e+08,25447.9,1667.75,0.906123,0,16384,0,0
40.928,21.632,9.056,4.00313e+08,24433.2,1601.25,0.906123,0,16384,0,0
40.336,22.016,8.672,4.06188e+08,24791.7,1624.75,0.906123,0,16384,0,0
42.48,23.264,9.024,3.85687e+08,23540.5,1542.75,0.906123,0,16384,0,0
41.04,22.016,9.024,3.9922e+08,24366.5,1596.88,0.906123,0,16384,0,0
38.88,20.224,9.568,4.21399e+08,25720.2,1685.6,0.724898,0,16384,0,0
41.008,22.976,8.256,3.99532e+08,24385.5,1598.13,0.724898,0,16384,0,0
39.824,22.048,8.896,4.1141e+08,25110.5,1645.64,0.724898,0,16384,0,0
37.904,20,9.216,4.3225e+08,26382.4,1729,0.724898,0,16384,0,0
40.272,21.216,8.96,4.06834e+08,24831.1,1627.33,0.724898,0,16384,0,0
39.072,21.408,7.968,4.19328e+08,25593.8,1677.31,0.724898,0,16384,0,0
39.696,21.248,8.864,4.12737e+08,25191.5,1650.95,0.724898,0,16384,0,0
42.144,23.904,8.224,3.88762e+08,23728.2,1555.05,0.724898,0,16384,0,0
39.984,21.376,9.632,4.09764e+08,25010,1639.06,0.724898,0,16384,0,0
37.92,19.744,9.472,4.32068e+08,26371.3,1728.27,0.724898,0,16384,0,0
37.84,19.552,9.824,4.32981e+08,26427.1,1731.92,0.724898,0,16384,0,0
39.201,20.864,8.832,4.17949e+08,25509.6,1671.79,0.724898,0,16384,0,0
38.912,20.416,8.768,4.21053e+08,25699,1684.21,0.724898,0,16384,0,0
38.544,20.352,9.536,4.25073e+08,25944.4,1700.29,0.724898,0,16384,0,0
38.833,20.32,10.048,4.21909e+08,25751.3,1687.64,0.724898,0,16384,0,0
39.104,20.416,9.536,4.18985e+08,25572.8,1675.94,0.724898,0,16384,0,0
41.008,21.984,8.8,3.99532e+08,24385.5,1598.13,0.724898,0,16384,0,0
41.521,22.816,8.672,3.94596e+08,24084.2,1578.38,0.724898,0,16384,0,0
40.864,22.88,8.096,4.0094e+08,24471.4,1603.76,0.724898,0,16384,0,0
41.168,22.88,9.248,3.97979e+08,24290.7,1591.92,0.724898,0,16384,0,0
39.984,21.376,9.408,4.09764e+08,25010,1639.06,0.724898,0,16384,0,0
42.016,23.328,8.896,3.89947e+08,23800.5,1559.79,0.579919,0,16384,0,0
40.416,22.944,7.424,4.05384e+08,24742.7,1621.54,0.579919,0,16384,0,0
39.969,21.792,9.12,4.09918e+08,25019.4,1639.67,0.579919,0,16384,0,0
38.8,20.448,9.696,4.22268e+08,25773.2,1689.07,0.579919,0,16384,0,0
39.056,20.64,9.568,4.195e+08,25604.3,1678,0.579919,0,16384,0,0
40.064,21.088,9.152,4.08946e+08,24960.1,1635.78,0.579919,0,16384,0,0
40.032,21.76,8.192,4.09273e+08,24980,1637.09,0.579919,0,16384,0,0
44.368,26.368,7.968,3.69275e+08,22538.8,1477.1,0.579919,0,16384,0,0
38.4,20.512,9.248,4.26667e+08,26041.7,1706.67,0.579919,0,16384,0,0
38.496,20.032,9.792,4.25603e+08,25976.7,1702.41,0.579919,0,16384,0,0
39.008,20.288,9.408,4.20016e+08,25635.8,1680.07,0.579919,0,16384,0,0
40.672,21.504,8.8,4.02832e+08,24586.9,1611.33,0.579919,0,16384,0,0
39.952,20.864,10.016,4.10092e+08,25030,1640.37,0.579919,0,16384,0,0
38.608,20.064,9.728,4.24368e+08,25901.4,1697.47,0.579919,0,16384,0,0
40.448,21.632,8.896,4.05063e+08,24723.1,1620.25,0.579919,0,16384,0,0
39.088,20.448,9.824,4.19157e+08,25583.3,1676.63,0.579919,0,16384,0,0
40.544,22.208,8.544,4.04104e+08,24664.6,1616.42,0.579919,0,16384,0,0
39.392,21.312,8.512,4.15922e+08,25385.9,1663.69,0.579919,0,16384,0,0
42.128,23.264,9.024,3.8891e+08,23737.2,1555.64,0.579919,0,16384,0,0
40.064,21.44,9.44,4.08946e+08,24960.1,1635.78,0.579919,0,16384,0,0
40.56,21.984,9.472,4.03945e+08,24654.8,1615.78,0.579919,0,16384,0,0
40.96,22.368,8.64,4e+08,24414.1,1600,1.46393,0,16384,0,0
41.968,23.04,9.056,3.90393e+08,23827.7,1561.57,1.46393,0,16384,0,0
39.712,21.504,8.928,4.12571e+08,25181.3,1650.28,1.46393,0,16384,0,0
40.128,21.792,9.216,4.08293e+08,24920.3,1633.17,1.46393,0,16384,0,0
39.792,20.992,9.664,4.11741e+08,25130.7,1646.96,1.46393,0,16384,0,0
41.12,22.176,8.608,3.98444e+08,24319.1,1593.77,1.46393,0,16384,0,0
41.264,22.08,8.992,3.97053e+08,24234.2,1588.21,1.46393,0,16384,0,0
41.904,23.008,9.056,3.90989e+08,23864.1,1563.96,1.46393,0,16384,0,0
40.112,21.312,9.408,4.08456e+08,24930.2,1633.83,1.46393,0,16384,0,0
40.416,22.304,9.728,4.05384e+08,24742.7,1621.54,1.46393,0,16384,0,0
38.592,20.64,9.44,4.24544e+08,25912.1,1698.18,1.46393,0,16384,0,0
38.672,20.064,9.792,4.23666e+08,25858.5,1694.66,1.46393,0,16384,0,0
38.368,20.128,9.568,4.27023e+08,26063.4,1708.09,1.46393,0,16384,0,0
40.144,21.632,9.376,4.08131e+08,24910.3,1632.52,1.46393,0,16384,0,0
39.408,21.12,9.152,4.15753e+08,25375.6,1663.01,1.46393,0,16384,0,0
39.473,20.992,9.472,4.15069e+08,25333.8,1660.27,1.46393,0,16384,0,0
41.328,22.688,8.544,3.96438e+08,24196.7,1585.75,1.46393,0,16384,0,0
41.696,23.328,8.32,3.92939e+08,23983.1,1571.76,1.46393,0,16384,0,0
42.16,23.488,8.704,3.88615e+08,23719.2,1554.46,1.46393,0,16384,0,0
41.376,22.528,9.728,3.95978e+08,24168.6,1583.91,1.46393,0,16384,0,0
40.368,21.76,8.512,4.05866e+08,24772.1,1623.46,1.46393,0,16384,0,0
123.137,104.768,8.448,1.33055e+08,8121.04,532.22,1.17115,0,16384,0,0
40.496,22.816,8.128,4.04583e+08,24693.8,1618.33,1.17115,0,16384,0,0
41.04,22.656,8.544,3.9922e+08,24366.5,1596.88,1.17115,0,16384,0,0
41.744,23.648,8.16,3.92488e+08,23955.5,1569.95,1.17115,0,16384,0,0
39.744,21.696,9.184,4.12238e+08,25161,1648.95,1.17115,0,16384,0,0
41.312,22.592,8.96,3.96592e+08,24206,1586.37,1.17115,0,16384,0,0
40.944,21.792,9.888,4.00156e+08,24423.6,1600.63,1.17115,0,16384,0,0
40.816,23.072,8.192,4.01411e+08,24500.2,1605.64,1.17115,0,16384,0,0
39.984,21.632,9.12,4.09764e+08,25010,1639.06,1.17115,0,16384,0,0
40.992,22.272,8.8,3.99688e+08,24395,1598.75,1.17115,0,16384,0,0
40.32,21.76,8.736,4.06349e+08,24801.6,1625.4,1.17115,0,16384,0,0
38.768,20.96,9.312,4.22617e+08,25794.5,1690.47,1.17115,0,16384,0,0
40.144,20.896,9.888,4.08131e+08,24910.3,1632.52,1.17115,0,16384,0,0
41.056,22.976,8.128,3.99065e+08,24357,1596.26,1.17115,0,16384,0,0
39.28,20.448,9.728,4.17108e+08,25458.2,1668.43,1.17115,0,16384,0,0
38.112,19.808,9.824,4.29891e+08,26238.5,1719.56,1.17115,0,16384,0,0
39.216,20.864,9.44,4.17789e+08,25499.8,1671.15,1.17115,0,16384,0,0
41.04,21.696,9.216,3.9922e+08,24366.5,1596.88,1.17115,0,16384,0,0
40.32,21.664,9.504,4.06349e+08,24801.6,1625.4,1.17115,0,16384,0,0
38.785,20.832,9.504,4.22431e+08,25783.2,1689.73,1.17115,0,16384,0,0
41.248,22.464,8.928,3.97207e+08,24243.6,1588.83,1.17115,0,16384,0,0
42.368,23.744,8.608,3.86707e+08,23602.7,1546.83,1.17115,0,16384,0,0
42.912,24.704,8.544,3.81805e+08,23303.5,1527.22,0.936918,0,16384,0,0
41.424,22.464,10.016,3.9552e+08,24140.6,1582.08,0.936918,0,16384,0,0
39.92,21.248,9.28,4.10421e+08,25050.1,1641.68,0.936918,0,16384,0,0
40.721,21.504,9.952,4.02348e+08,24557.4,1609.39,0.936918,0,16384,0,0
41.024,22.88,8.48,3.99376e+08,24376,1597.5,0.936918,0,16384,0,0
40.208,21.216,9.728,4.07481e+08,24870.7,1629.92,0.936918,0,16384,0,0
41.104,22.816,8.48,3.98599e+08,24328.5,1594.39,0.936918,0,16384,0,0
38.752,20.096,9.888,4.22791e+08,25805.1,1691.16,0.936918,0,16384,0,0
41.056,23.136,8.512,3.99065e+08,24357,1596.26,0.936918,0,16384,0,0
39.521,21.216,8.64,4.14564e+08,25303,1658.26,0.936918,0,16384,0,0
38.8,20.608,10.048,4.22268e+08,25773.2,1689.07,0.936918,0,16384,0,0
38.352,19.904,9.792,4.27201e+08,26074.3,1708.8,0.936918,0,16384,0,0
39.569,21.28,9.088,4.14062e+08,25272.3,1656.25,0.936918,0,16384,0,0
40.448,22.208,8.352,4.05063e+08,24723.1,1620.25,0.936918,0,16384,0,0
39.744,21.376,9.376,4.12238e+08,25161,1648.95,0.936918,0,16384,0,0
37.872,19.648,9.536,4.32615e+08,26404.7,1730.46,0.936918,0,16384,0,0
39.872,21.216,9.696,4.10915e+08,25080.3,1643.66,0.936918,0,16384,0,0
40.496,22.016,8.608,4.04583e+08,24693.8,1618.33,0.936918,0,16384,0,0
40.976,22.592,8.512,3.99844e+08,24404.5,1599.38,0.936918,0,16384,0,0
41.376,22.656,8.832,3.95978e+08,24168.6,1583.91,0.936918,0,16384,0,0
40.688,21.792,9.952,4.02674e+08,24577.3,1610.7,0.936918,0,16384,0,0
42.064,23.424,8.768,3.89502e+08,23773.3,1558.01,0.749535,0,16384,0,0
39.568,21.184,9.312,4.14072e+08,25272.9,1656.29,0.749535,0,16384,0,0
38.112,19.904,9.312,4.29891e+08,26238.5,1719.56,0.749535,0,16384,0,0
39.84,21.056,9.44,4.11245e+08,25100.4,1644.98,0.749535,0,16384,0,0
39.632,22.048,7.968,4.13403e+08,25232.1,1653.61,0.749535,0,16384,0,0
39.472,20.896,9.472,4.15079e+08,25334.4,1660.32,0.749535,0,16384,0,0
42.176,23.904,8.704,3.88467e+08,23710.2,1553.87,0.749535,0,16384,0,0
39.232,21.312,9.12,4.17618e+08,25489.4,1670.47,0.749535,0,16384,0,0
39.6,20.896,9.76,4.13737e+08,25252.5,1654.95,0.749535,0,16384,0,0
39.424,21.728,8.16,4.15584e+08,25365.3,1662.34,0.749535,0,16384,0,0
40.992,21.568,10.176,3.99688e+08,24395,1598.75,0.749535,0,16384,0,0
38.976,22.016,7.392,4.20361e+08,25656.8,1681.44,0.749535,0,16384,0,0
41.2,22.72,8.576,3.9767e+08,24271.8,1590.68,0.749535,0,16384,0,0
41.392,22.464,8.704,3.95825e+08,24159.3,1583.3,0.749535,0,16384,0,0
39.536,21.312,9.248,4.14407e+08,25293.4,1657.63,0.749535,0,16384,0,0
39.04,20.832,9.12,4.19672e+08,25614.8,1678.69,0.749535,0,16384,0,0
39.184,20.896,9.248,4.1813e+08,25520.6,1672.52,0.749535,0,16384,0,0
41.536,22.752,8.832,3.94453e+08,24075.5,1577.81,0.749535,0,16384,0,0
39.6,21.312,8.736,4.13737e+08,25252.5,1654.95,0.749535,0,16384,0,0
39.344,21.568,8.256,4.16429e+08,25416.8,1665.72,0.749535,0,16384,0,0
39.008,21.28,8.064,4.20016e+08,25635.8,1680.07,0.749535,0,16384,0,0
40.656,22.592,8.608,4.02991e+08,24596.6,1611.96,1.59963,0,16384,0,0
37.568,20.128,8.832,4.36116e+08,26618.4,1744.46,1.59963,0,16384,0,0
39.84,21.024,9.536,4.11245e+08,25100.4,1644.98,1.59963,0,16384,0,0
40.32,21.6,8.672,4.06349e+08,24801.6,1625.4,1.59963,0,16384,0,0
40.192,22.208,8.256,4.07643e+08,24880.6,1630.57,1.59963,0,16384,0,0
39.472,21.536,9.248,4.15079e+08,25334.4,1660.32,1.59963,0,16384,0,0
38.304,19.904,9.536,4.27736e+08,26106.9,1710.94,1.59963,0,16384,0,0
39.28,20.384,9.76,4.17108e+08,25458.2,1668.43,1.59963,0,16384,0,0
39.76,21.024,8.512,4.12072e+08,25150.9,1648.29,1.59963,0,16384,0,0
41.872,23.264,9.152,3.91288e+08,23882.3,1565.15,1.59963,0,16384,0,0
40.944,21.888,9.376,4.00156e+08,24423.6,1600.63,1.59963,0,16384,0,0
40.784,21.824,8.832,4.01726e+08,24519.4,1606.9,1.59963,0,16384,0,0
41.744,22.912,8.96,3.92488e+08,23955.5,1569.95,1.59963,0,16384,0,0
39.632,21.632,8.288,4.13403e+08,25232.1,1653.61,1.59963,0,16384,0,0
42.304,23.264,8.928,3.87292e+08,23638.4,1549.17,1.59963,0,16384,0,0
39.984,21.408,9.568,4.09764e+08,25010,1639.06,1.59963,0,16384,0,0
38.992,20.768,9.12,4.20189e+08,25646.3,1680.76,1.59963,0,16384,0,0
39.376,20.928,9.472,4.16091e+08,25396.2,1664.36,1.59963,0,16384,0,0
40.48,22.272,8.48,4.04743e+08,24703.6,1618.97,1.59963,0,16384,0,0
39.953,21.568,9.344,4.10082e+08,25029.4,1640.33,1.59963,0,16384,0,0
40.24,22.112,8.16,4.07157e+08,24850.9,1628.63,1.59963,0,16384,0,0
95.12,76.576,8.448,1.72246e+08,10513,688.982,1.2797,0,16384,0,0
39.761,21.792,8.544,4.12062e+08,25150.3,1648.25,1.2797,0,16384,0,0
42.24,23.712,8.384,3.87879e+08,23674.2,1551.52,1.2797,0,16384,0,0
41.552,22.976,8.576,3.94301e+08,24066.2,1577.2,1.2797,0,16384,0,0
42.337,23.136,9.056,3.8699e+08,23620,1547.96,1.2797,0,16384,0,0
40.768,22.176,9.6,4.01884e+08,24529,1607.54,1.2797,0,16384,0,0
42.224,23.296,8.896,3.88026e+08,23683.2,1552.1,1.2797,0,16384,0,0
40.145,21.28,9.92,4.08121e+08,24909.7,1632.48,1.2797,0,16384,0,0
38.752,20.8,9.472,4.22791e+08,25805.1,1691.16,1.2797,0,16384,0,0
39.568,21.152,9.184,4.14072e+08,25272.9,1656.29,1.2797,0,16384,0,0
43.312,21.792,8.48,3.78279e+08,23088.3,1513.11,1.2797,0,16384,0,0
40.032,21.088,9.6,4.09273e+08,24980,1637.09,1.2797,0,16384,0,0
39.312,21.344,8.96,4.16768e+08,25437.5,1667.07,1.2797,0,16384,0,0
40.064,21.728,9.344,4.08946e+08,24960.1,1635.78,1.2797,0,16384,0,0
40.432,22.048,8.608,4.05224e+08,24732.9,1620.89,1.2797,0,16384,0,0
41.584,22.88,8.768,3.93998e+08,24047.7,1575.99,1.2797,0,16384,0,0
40.112,21.568,9.024,4.08456e+08,24930.2,1633.83,1.2797,0,16384,0,0
40.704,22.016,8.96,4.02516e+08,24567.6,1610.06,1.2797,0,16384,0,0
40.8,22.432,8.576,4.01569e+08,24509.8,1606.27,1.2797,0,16384,0,0
40.656,21.76,8.8,4.02991e+08,24596.6,1611.96,1.2797,0,16384,0,0
40.656,22.24,8.288,4.02991e+08,24596.6,1611.96,1.2797,0,16384,0,0
40.272,22.144,8.192,4.06834e+08,24831.1,1627.33,1.2797,0,16384,0,0
40.8,22.432,8.448,4.01569e+08,24509.8,1606.27,1.02376,0,16384,0,0
41.456,23.456,8.064,3.95214e+08,24122,1580.86,1.02376,0,16384,0,0
40.912,22.656,8.288,4.00469e+08,24442.7,1601.88,1.02376,0,16384,0,0
42.352,23.872,8.608,3.86853e+08,23611.6,1547.41,1.02376,0,16384,0,0
40.416,21.952,9.664,4.05384e+08,24742.7,1621.54,1.02376,0,16384,0,0
42.608,23.68,8.8,3.84529e+08,23469.8,1538.11,1.02376,0,16384,0,0
39.568,21.6,8.384,4.14072e+08,25272.9,1656.29,1.02376,0,16384,0,0
38.56,20.416,9.44,4.24896e+08,25933.6,1699.59,1.02376,0,16384,0,0
39.216,20.864,9.408,4.17789e+08,25499.8,1671.15,1.02376,0,16384,0,0
39.536,21.632,9.12,4.14407e+08,25293.4,1657.63,1.02376,0,16384,0,0
37.712,20.064,9.056,4.34451e+08,26516.8,1737.8,1.02376,0,16384,0,0
40.32,21.472,9.408,4.06349e+08,24801.6,1625.4,1.02376,0,16384,0,0
40.864,21.824,9.408,4.0094e+08,24471.4,1603.76,1.02376,0,16384,0,0
39.745,21.504,9.088,4.12228e+08,25160.4,1648.91,1.02376,0,16384,0,0
41.248,22.368,8.64,3.97207e+08,24243.6,1588.83,1.02376,0,16384,0,0
40.112,21.792,9.152,4.08456e+08,24930.2,1633.83,1.02376,0,16384,0,0
40.081,21.536,9.248,4.08772e+08,24949.5,1635.09,1.02376,0,16384,0,0
40.192,21.824,9.216,4.07643e+08,24880.6,1630.57,1.02376,0,16384,0,0
39.76,21.28,9.152,4.12072e+08,25150.9,1648.29,1.02376,0,16384,0,0
39.441,21.248,9.024,4.15405e+08,25354.3,1661.62,1.02376,0,16384,0,0
40.736,22.016,9.536,4.022e+08,24548.3,1608.8,1.02376,0,16384,0,0
41.808,23.392,8.672,3.91887e+08,23918.9,1567.55,0.819009,0,16384,0,0
41.552,23.328,8.352,3.94301e+08,24066.2,1577.2,0.819009,0,16384,0,0
41.952,23.36,8.672,3.90542e+08,23836.8,1562.17,0.819009,0,16384,0,0
41.008,22.688,8.448,3.99532e+08,24385.5,1598.13,0.819009,0,16384,0,0
41.393,21.92,10.016,3.95816e+08,24158.7,1583.26,0.819009,0,16384,0,0
41.232,22.112,9.248,3.97361e+08,24253,1589.45,0.819009,0,16384,0,0
41.136,21.568,9.184,3.98289e+08,24309.6,1593.15,0.819009,0,16384,0,0
37.888,20.16,9.088,4.32432e+08,26393.6,1729.73,0.819009,0,16384,0,0
39.264,21.056,9.056,4.17278e+08,25468.6,1669.11,0.819009,0,16384,0,0
43.12,21.344,9.92,3.79963e+08,23191.1,1519.85,0.819009,0,16384,0,0
40.256,21.344,9.76,4.06995e+08,24841,1627.98,0.819009,0,16384,0,0
39.664,21.44,9.312,4.1307e+08,25211.8,1652.28,0.819009,0,16384,0,0
39.28,20.992,9.248,4.17108e+08,25458.2,1668.43,0.819009,0,16384,0,0
39.664,20.96,9.536,4.1307e+08,25211.8,1652.28,0.819009,0,16384,0,0
40.976,22.208,8.384,3.99844e+08,24404.5,1599.38,0.819009,0,16384,0,0
40.192,22.112,9.184,4.07643e+08,24880.6,1630.57,0.819009,0,16384,0,0
39.808,21.12,9.664,4.11576e+08,25120.6,1646.3,0.819009,0,16384,0,0
40.448,21.824,9.696,4.05063e+08,24723.1,1620.25,0.819009,0,16384,0,0
39.248,21.376,9.184,4.17448e+08,25479,1669.79,0.819009,0,16384,0,0
40.096,21.632,9.216,4.08619e+08,24940.1,1634.48,0.819009,0,16384,0,0
39.76,21.12,9.696,4.12072e+08,25150.9,1648.29,0.819009,0,16384,0,0
42.176,24.352,8.128,3.88467e+08,23710.2,1553.87,0.655208,0,16384,0,0
41.12,22.336,8.608,3.98444e+08,24319.1,1593.77,0.655208,0,16384,0,0
39.648,21.344,9.056,4.13236e+08,25222,1652.95,0.655208,0,16384,0,0
40.96,22.752,8.288,4e+08,24414.1,1600,0.655208,0,16384,0,0
40.304,22.048,9.504,4.06511e+08,24811.4,1626.04,0.655208,0,16384,0,0
40.272,21.216,9.888,4.06834e+08,24831.1,1627.33,0.655208,0,16384,0,0
40.4,21.856,8.544,4.05545e+08,24752.5,1622.18,0.655208,0,16384,0,0
40.576,22.624,9.952,4.03785e+08,24645.1,1615.14,0.655208,0,16384,0,0
37.952,19.584,9.472,4.31703e+08,26349.1,1726.81,0.655208,0,16384,0,0
38.816,20.128,10.176,4.22094e+08,25762.6,1688.38,0.655208,0,16384,0,0
39.376,20.896,8.704,4.16091e+08,25396.2,1664.36,0.655208,0,16384,0,0
39.697,21.792,8.288,4.12726e+08,25190.8,1650.91,0.655208,0,16384,0,0
41.136,22.624,8.64,3.98289e+08,24309.6,1593.15,0.655208,0,16384,0,0
39.584,20.832,9.696,4.13905e+08,25262.7,1655.62,0.655208,0,16384,0,0
39.505,21.152,9.408,4.14732e+08,25313.3,1658.93,0.655208,0,16384,0,0
39.248,20.448,9.76,4.17448e+08,25479,1669.79,0.655208,0,16384,0,0
39.728,20.864,9.664,4.12404e+08,25171.2,1649.62,0.655208,0,16384,0,0
39.425,20.448,9.984,4.15574e+08,25364.6,1662.3,0.655208,0,16384,0,0
41.072,22.464,8.576,3.98909e+08,24347.5,1595.64,0.655208,0,16384,0,0
40.496,21.632,9.792,4.04583e+08,24693.8,1618.33,0.655208,0,16384,0,0
40.945,22.464,8.512,4.00147e+08,24423,1600.59,0.655208,0,16384,0,0
41.504,22.72,8.832,3.94757e+08,24094.1,1579.03,0.655208,0,16384,0,0
41.968,22.976,8.8,3.90393e+08,23827.7,1561.57,1.52417,0,16384,0,0
40.576,21.824,9.632,4.03785e+08,24645.1,1615.14,1.52417,0,16384,0,0
38.624,20.352,9.312,4.24192e+08,25890.6,1696.77,1.52417,0,16384,0,0
40.176,21.056,9.728,4.07806e+08,24890.5,1631.22,1.52417,0,16384,0,0
41.729,22.656,9.024,3.92629e+08,23964.1,1570.51,1.52417,0,16384,0,0
38.896,21.024,9.344,4.21226e+08,25709.6,1684.9,1.52417,0,16384,0,0
38.08,19.904,9.44,4.30252e+08,26260.5,1721.01,1.52417,0,16384,0,0
39.552,20.544,9.984,4.14239e+08,25283.2,1656.96,1.52417,0,16384,0,0
41.248,22.72,8.352,3.97207e+08,24243.6,1588.83,1.52417,0,16384,0,0
39.616,21.376,9.184,4.1357e+08,25242.3,1654.28,1.52417,0,16384,0,0
39.056,20.896,9.504,4.195e+08,25604.3,1678,1.52417,0,16384,0,0
39.328,20.608,9.824,4.16599e+08,25427.2,1666.4,1.52417,0,16384,0,0
39.728,21.184,9.376,4.12404e+08,25171.2,1649.62,1.52417,0,16384,0,0
39.984,20.992,9.952,4.09764e+08,25010,1639.06,1.52417,0,16384,0,0
40.16,21.856,8.992,4.07968e+08,24900.4,1631.87,1.52417,0,16384,0,0
40.096,20.896,9.888,4.08619e+08,24940.1,1634.48,1.52417,0,16384,0,0
39.968,21.28,9.344,4.09928e+08,25020,1639.71,1.52417,0,16384,0,0
41.152,22.016,9.152,3.98134e+08,24300.2,1592.53,1.52417,0,16384,0,0
42.592,24.512,8.416,3.84673e+08,23478.6,1538.69,1.52417,0,16384,0,0
40.528,22.208,8.384,4.04264e+08,24674.3,1617.05,1.52417,0,16384,0,0
40.881,21.824,10.176,4.00773e+08,24461.2,1603.09,1.52417,0,16384,0,0
40.832,22.048,9.28,4.01254e+08,24490.6,1605.02,1.21933,0,16384,0,0
38.848,20.352,9.312,4.21746e+08,25741.4,1686.99,1.21933,0,16384,0,0
40.577,21.76,8.896,4.03776e+08,24644.5,1615.1,1.21933,0,16384,0,0
39.104,21.088,9.216,4.18985e+08,25572.8,1675.94,1.21933,0,16384,0,0
38.368,21.536,7.296,4.27023e+08,26063.4,1708.09,1.21933,0,16384,0,0
38.096,20.48,9.12,4.30071e+08,26249.5,1720.29,1.21933,0,16384,0,0
42.16,23.712,8.8,3.88615e+08,23719.2,1554.46,1.21933,0,16384,0,0
40.048,21.728,8.832,4.09109e+08,24970,1636.44,1.21933,0,16384,0,0
40.001,21.472,8.896,4.0959e+08,24999.4,1638.36,1.21933,0,16384,0,0
38.944,21.12,8.544,4.20707e+08,25677.9,1682.83,1.21933,0,16384,0,0
39.664,21.28,9.248,4.1307e+08,25211.8,1652.28,1.21933,0,16384,0,0
37.984,20.256,9.056,4.3134e+08,26326.9,1725.36,1.21933,0,16384,0,0
40.608,21.248,9.984,4.03467e+08,24625.7,1613.87,1.21933,0,16384,0,0
39.76,21.408,9.504,4.12072e+08,25150.9,1648.29,1.21933,0,16384,0,0
39.92,21.344,9.536,4.10421e+08,25050.1,1641.68,1.21933,0,16384,0,0
39.52,20.992,9.408,4.14575e+08,25303.6,1658.3,1.21933,0,16384,0,0
40.944,21.824,8.928,4.00156e+08,24423.6,1600.63,1.21933,0,16384,0,0
41.664,22.752,8.544,3.93241e+08,24001.5,1572.96,1.21933,0,16384,0,0
41.328,22.688,8.64,3.96438e+08,24196.7,1585.75,1.21933,0,16384,0,0
41.072,22.272,8.768,3.98909e+08,24347.5,1595.64,1.21933,0,16384,0,0
39.84,21.248,9.376,4.11245e+08,25100.4,1644.98,1.21933,0,16384,0,0
42.08,23.776,8.384,3.89354e+08,23764.3,1557.41,0.975466,0,16384,0,0
39.856,21.376,9.184,4.1108e+08,25090.3,1644.32,0.975466,0,16384,0,0
38.256,20.352,9.248,4.28273e+08,26139.7,1713.09,0.975466,0,16384,0,0
39.888,21.536,9.248,4.1075e+08,25070.2,1643,0.975466,0,16384,0,0
39.536,22.176,7.424,4.14407e+08,25293.4,1657.63,0.975466,0,16384,0,0
39.92,21.312,9.536,4.10421e+08,25050.1,1641.68,0.975466,0,16384,0,0
39.137,21.536,8.544,4.18632e+08,25551.3,1674.53,0.975466,0,16384,0,0
37.68,19.68,9.312,4.3482e+08,26539.3,1739.28,0.975466,0,16384,0,0
41.376,23.008,8.288,3.95978e+08,24168.6,1583.91,0.975466,0,16384,0,0
40.849,22.4,8.512,4.01087e+08,24480.4,1604.35,0.975466,0,16384,0,0
39.44,20.896,9.536,4.15416e+08,25355,1661.66,0.975466,0,16384,0,0
39.984,20.992,10.016,4.09764e+08,25010,1639.06,0.975466,0,16384,0,0
41.28,22.08,9.216,3.96899e+08,24224.8,1587.6,0.975466,0,16384,0,0
41.456,23.104,8.48,3.95214e+08,24122,1580.86,0.975466,0,16384,0,0
40.512,21.504,9.856,4.04423e+08,24684,1617.69,0.975466,0,16384,0,0
