e2e_latency_us,transfer_latency_us,fft_exec_us,samples_per_sec,buffers_per_sec,mb_per_sec,cpu_util_pct,gpu_util_pct,buffer_size_samples,dropped_buffers
29.696,12.032,10.592,5.51724e+08,33674.6,2206.9,1.0229,0,16384,0
29.52,12.896,9.312,5.55014e+08,33875.3,2220.05,1.0229,0,16384,0
27.76,11.008,9.664,5.90202e+08,36023.1,2360.81,1.0229,0,16384,0
28.048,12.096,9.024,5.84141e+08,35653.2,2336.57,1.0229,0,16384,0
27.136,11.136,8.928,6.03774e+08,36851.4,2415.09,1.0229,0,16384,0
29.136,10.912,9.216,5.62328e+08,34321.8,2249.31,1.0229,0,16384,0
27.088,11.392,8.832,6.04843e+08,36916.7,2419.37,1.0229,0,16384,0
29.232,13.28,8.928,5.60482e+08,34209.1,2241.93,1.0229,0,16384,0
31.36,14.656,9.76,5.22449e+08,31887.8,2089.8,1.0229,0,16384,0
27.184,11.04,9.024,6.02707e+08,36786.3,2410.83,1.0229,0,16384,0
27.232,10.592,9.792,6.01645e+08,36721.5,2406.58,1.0229,0,16384,0
31.008,13.536,8.768,5.2838e+08,32249.7,2113.52,1.0229,0,16384,0
27.616,11.168,9.44,5.93279e+08,36210.9,2373.12,1.0229,0,16384,0
30.176,13.664,9.536,5.42948e+08,33138.9,2171.79,1.0229,0,16384,0
27.344,11.232,9.056,5.99181e+08,36571.1,2396.72,1.0229,0,16384,0
31.184,11.104,9.536,5.25398e+08,32067.7,2101.59,1.0229,0,16384,0
27.264,11.488,8.704,6.00939e+08,36678.4,2403.76,1.0229,0,16384,0
29.249,12.576,9.728,5.60156e+08,34189.2,2240.62,1.0229,0,16384,0
27.312,10.656,8.864,5.99883e+08,36613.9,2399.53,1.0229,0,16384,0
27.248,11.072,9.088,6.01292e+08,36699.9,2405.17,1.0229,0,16384,0
28.384,12.032,9.216,5.77227e+08,35231.1,2308.91,1.0229,0,16384,0
30.144,13.952,9.152,5.43524e+08,33174.1,2174.1,1.0229,0,16384,0
27.136,10.944,8.992,6.03774e+08,36851.4,2415.09,1.0229,0,16384,0
31.184,10.688,13.376,5.25398e+08,32067.7,2101.59,1.0229,0,16384,0
26.992,10.752,9.248,6.06995e+08,37048,2427.98,1.0229,0,16384,0
29.264,11.104,9.536,5.59869e+08,34171.7,2239.48,1.0229,0,16384,0
26.976,10.912,9.056,6.07355e+08,37070,2429.42,1.0229,0,16384,0
29.216,11.712,9.024,5.60789e+08,34227.8,2243.15,1.0229,0,16384,0
29.616,13.632,8.864,5.53214e+08,33765.5,2212.86,1.0229,0,16384,0
28.256,11.904,8.8,5.79841e+08,35390.7,2319.37,1.0229,0,16384,0
27.712,10.688,9.376,5.91224e+08,36085.5,2364.9,1.0229,0,16384,0
28.656,12.48,9.12,5.71748e+08,34896.7,2286.99,1.0229,0,16384,0
29.344,12.992,9.184,5.58342e+08,34078.5,2233.37,1.0229,0,16384,0
27.264,10.848,9.216,6.00939e+08,36678.4,2403.76,1.0229,0,16384,0
30.4,11.552,9.184,5.38947e+08,32894.7,2155.79,1.0229,0,16384,0
29.024,10.976,9.152,5.64498e+08,34454.2,2257.99,1.0229,0,16384,0
27.313,10.848,9.504,5.99861e+08,36612.6,2399.44,1.0229,0,16384,0
30.272,14.656,8.736,5.41226e+08,33033.8,2164.9,1.0229,0,16384,0
27.936,11.488,9.344,5.86483e+08,35796.1,2345.93,1.0229,0,16384,0
28.592,11.52,9.76,5.73027e+08,34974.8,2292.11,1.0229,0,16384,0
28.928,12.512,9.568,5.66372e+08,34568.6,2265.49,1.0229,0,16384,0
27.344,10.88,9.504,5.99181e+08,36571.1,2396.72,1.0229,0,16384,0
29.152,10.944,9.632,5.6202e+08,34303,2248.08,1.0229,0,16384,0
28.336,10.56,9.728,5.78204e+08,35290.8,2312.82,1.0229,0,16384,0
27.072,10.784,9.248,6.05201e+08,36938.5,2420.8,1.0229,0,16384,0
29.312,12.8,9.6,5.58952e+08,34115.7,2235.81,1.0229,0,16384,0
26.24,10.528,8.608,6.2439e+08,38109.8,2497.56,1.0229,0,16384,0
28.192,11.744,9.408,5.81158e+08,35471.1,2324.63,1.0229,0,16384,0
30.512,13.824,9.536,5.36969e+08,32774,2147.88,1.0229,0,16384,0
32.224,10.88,14.4,5.08441e+08,31032.8,2033.76,1.0229,0,16384,0
30.288,13.76,9.376,5.4094e+08,33016.4,2163.76,1.0229,0,16384,0
27.232,10.816,8.736,6.01645e+08,36721.5,2406.58,1.0229,0,16384,0
27.376,10.752,9.504,5.9848e+08,36528.3,2393.92,1.0229,0,16384,0
29.248,12.832,9.408,5.60175e+08,34190.4,2240.7,1.0229,0,16384,0
27.216,10.88,9.408,6.01999e+08,36743.1,2408,1.0229,0,16384,0
30.192,10.496,12.64,5.4266e+08,33121.4,2170.64,1.0229,0,16384,0
29.312,11.008,9.28,5.58952e+08,34115.7,2235.81,1.0229,0,16384,0
27.089,10.592,9.536,6.04821e+08,36915.4,2419.28,1.0229,0,16384,0
28.512,12.768,8.768,5.74635e+08,35073,2298.54,1.0229,0,16384,0
27.216,10.592,9.472,6.01999e+08,36743.1,2408,1.0229,0,16384,0
26.464,10.528,9.088,6.19105e+08,37787.2,2476.42,1.0229,0,16384,0
28.432,12.064,9.312,5.76252e+08,35171.6,2305.01,1.0229,0,16384,0
26.944,11.136,8.704,6.08076e+08,37114,2432.3,1.0229,0,16384,0
28.192,10.72,9.056,5.81158e+08,35471.1,2324.63,1.0229,0,16384,0
29.36,10.848,9.664,5.58038e+08,34059.9,2232.15,1.0229,0,16384,0
27.392,10.816,9.504,5.98131e+08,36507,2392.52,1.0229,0,16384,0
29.28,13.376,8.832,5.59563e+08,34153,2238.25,1.0229,0,16384,0
27.2,11.2,8.864,6.02353e+08,36764.7,2409.41,1.0229,0,16384,0
30.416,11.456,9.376,5.38664e+08,32877.4,2154.66,1.0229,0,16384,0
29.504,10.752,9.472,5.55315e+08,33893.7,2221.26,1.0229,0,16384,0
27.056,10.592,9.408,6.05559e+08,36960.4,2422.24,1.0229,0,16384,0
29.264,12.896,9.408,5.59869e+08,34171.7,2239.48,1.0229,0,16384,0
27.328,10.88,9.408,5.99532e+08,36592.5,2398.13,1.0229,0,16384,0
27.232,11.104,9.248,6.01645e+08,36721.5,2406.58,1.0229,0,16384,0
31.648,15.36,9.312,5.17695e+08,31597.6,2070.78,1.0229,0,16384,0
27.392,11.072,9.056,5.98131e+08,36507,2392.52,1.0229,0,16384,0
30.624,10.688,9.568,5.35005e+08,32654.1,2140.02,1.0229,0,16384,0
28.976,10.944,9.184,5.65433e+08,34511.3,2261.73,1.0229,0,16384,0
27.393,10.752,9.728,5.98109e+08,36505.7,2392.44,1.0229,0,16384,0
27.264,11.2,8.96,6.00939e+08,36678.4,2403.76,1.0229,0,16384,0
28.368,12.544,8.896,5.77552e+08,35251,2310.21,1.0229,0,16384,0
27.232,10.752,9.536,6.01645e+08,36721.5,2406.58,1.0229,0,16384,0
28.352,11.712,9.6,5.77878e+08,35270.9,2311.51,1.0229,0,16384,0
27.136,10.816,9.376,6.03774e+08,36851.4,2415.09,1.0229,0,16384,0
28.56,12.384,9.28,5.73669e+08,35014,2294.68,1.0229,0,16384,0
27.184,11.04,9.12,6.02707e+08,36786.3,2410.83,1.0229,0,16384,0
27.472,10.848,9.536,5.96389e+08,36400.7,2385.56,1.0229,0,16384,0
28.176,12.384,8.8,5.81488e+08,35491.2,2325.95,1.0229,0,16384,0
27.264,11.008,9.312,6.00939e+08,36678.4,2403.76,1.0229,0,16384,0
26.208,10.528,8.736,6.25153e+08,38156.3,2500.61,1.0229,0,16384,0
30.336,14.4,8.992,5.40084e+08,32964.1,2160.34,1.0229,0,16384,0
30.304,10.528,9.12,5.40655e+08,32998.9,2162.62,1.0229,0,16384,0
28.352,11.776,9.664,5.77878e+08,35270.9,2311.51,1.0229,0,16384,0
30.384,12.352,10.912,5.39231e+08,32912.1,2156.92,1.0229,0,16384,0
28.112,11.552,9.6,5.82812e+08,35572,2331.25,1.0229,0,16384,0
27.248,11.04,9.184,6.01292e+08,36699.9,2405.17,1.0229,0,16384,0
27.088,10.56,9.504,6.04843e+08,36916.7,2419.37,1.0229,0,16384,0
28.224,12.16,9.056,5.80499e+08,35430.8,2322,1.0229,0,16384,0
30.464,10.88,11.616,5.37815e+08,32825.6,2151.26,1.0229,0,16384,0
27.104,10.624,9.568,6.04486e+08,36894.9,2417.95,1.0229,0,16384,0
27.072,10.752,9.44,6.05201e+08,36938.5,2420.8,1.0229,0,16384,0
28.336,10.624,9.216,5.78204e+08,35290.8,2312.82,1.0229,0,16384,0
27.376,10.848,9.632,5.9848e+08,36528.3,2393.92,1.0229,0,16384,0
28.336,12.32,9.088,5.78204e+08,35290.8,2312.82,1.0229,0,16384,0
29.488,13.28,9.28,5.55616e+08,33912.1,2222.46,1.0229,0,16384,0
27.296,11.04,9.216,6.00234e+08,36635.4,2400.94,1.0229,0,16384,0
30.528,10.72,9.344,5.36688e+08,32756.8,2146.75,1.0229,0,16384,0
29.68,10.592,9.6,5.52022e+08,33692.7,2208.09,1.0229,0,16384,0
27.92,11.424,9.632,5.86819e+08,35816.6,2347.28,1.0229,0,16384,0
28.352,11.872,9.408,5.77878e+08,35270.9,2311.51,1.0229,0,16384,0
29.184,12.768,9.376,5.61404e+08,34265.4,2245.61,1.0229,0,16384,0
27.296,10.816,8.576,6.00234e+08,36635.4,2400.94,1.0229,0,16384,0
28.384,12.576,8.768,5.77227e+08,35231.1,2308.91,1.0229,0,16384,0
27.072,10.848,9.376,6.05201e+08,36938.5,2420.8,1.0229,0,16384,0
26.528,10.784,8.704,6.17612e+08,37696,2470.45,1.0229,0,16384,0
28.208,11.936,9.408,5.80828e+08,35450.9,2323.31,1.0229,0,16384,0
27.184,10.976,8.896,6.02707e+08,36786.3,2410.83,1.0229,0,16384,0
28.064,12.512,8.768,5.83808e+08,35632.8,2335.23,1.0229,0,16384,0
27.488,10.912,9.472,5.96042e+08,36379.5,2384.17,1.0229,0,16384,0
28.288,11.616,9.632,5.79186e+08,35350.7,2316.74,1.0229,0,16384,0
31.28,11.232,13.152,5.23785e+08,31969.3,2095.14,1.0229,0,16384,0
27.184,10.944,9.248,6.02707e+08,36786.3,2410.83,1.0229,0,16384,0
28.752,11.904,9.728,5.69839e+08,34780.2,2279.35,1.0229,0,16384,0
27.232,10.592,9.664,6.01645e+08,36721.5,2406.58,1.0229,0,16384,0
27.84,11.936,8.832,5.88506e+08,35919.5,2354.02,1.0229,0,16384,0
29.216,10.816,9.312,5.60789e+08,34227.8,2243.15,1.0229,0,16384,0
28.72,11.68,7.968,5.70474e+08,34818.9,2281.89,1.0229,0,16384,0
28.4,11.776,9.536,5.76901e+08,35211.3,2307.61,1.0229,0,16384,0
28.288,11.968,8.16,5.79186e+08,35350.7,2316.74,1.0229,0,16384,0
28.272,10.752,8.544,5.79513e+08,35370.7,2318.05,1.0229,0,16384,0
29.472,10.688,8.704,5.55917e+08,33930.5,2223.67,1.0229,0,16384,0
28.288,10.72,9.6,5.79186e+08,35350.7,2316.74,1.0229,0,16384,0
37.392,21.44,8.864,4.38169e+08,26743.7,1752.67,1.0229,0,16384,0
27.232,11.2,9.088,6.01645e+08,36721.5,2406.58,1.0229,0,16384,0
28.64,12.128,9.472,5.72067e+08,34916.2,2288.27,1.0229,0,16384,0
30.144,11.488,8.704,5.43524e+08,33174.1,2174.1,1.0229,0,16384,0
27.424,11.136,9.312,5.97433e+08,36464.4,2389.73,1.0229,0,16384,0
27.824,11.136,9.568,5.88844e+08,35940.2,2355.38,1.0229,0,16384,0
28.304,12.064,9.344,5.78858e+08,35330.7,2315.43,1.0229,0,16384,0
29.264,12.768,9.632,5.59869e+08,34171.7,2239.48,1.0229,0,16384,0
27.361,11.168,9.056,5.98809e+08,36548.4,2395.23,1.0229,0,16384,0
28.16,12.48,8.64,5.81818e+08,35511.4,2327.27,1.0229,0,16384,0
27.392,11.36,8.896,5.98131e+08,36507,2392.52,1.0229,0,16384,0
31.28,11.072,9.6,5.23785e+08,31969.3,2095.14,1.0229,0,16384,0
27.376,11.424,8.992,5.9848e+08,36528.3,2393.92,1.0229,0,16384,0
29.344,12.832,9.504,5.58342e+08,34078.5,2233.37,1.0229,0,16384,0
30.416,14.24,9.184,5.38664e+08,32877.4,2154.66,1.0229,0,16384,0
27.248,9.888,9.344,6.01292e+08,36699.9,2405.17,1.0229,0,16384,0
29.6,12.48,9.92,5.53514e+08,33783.8,2214.05,1.0229,0,16384,0
28.928,12.768,9.248,5.66372e+08,34568.6,2265.49,1.0229,0,16384,0
31.216,10.88,13.184,5.24859e+08,32034.9,2099.44,1.0229,0,16384,0
27.184,11.04,9.184,6.02707e+08,36786.3,2410.83,1.0229,0,16384,0
27.296,11.52,8.736,6.00234e+08,36635.4,2400.94,1.0229,0,16384,0
26.768,10.656,9.088,6.12074e+08,37358,2448.3,1.0229,0,16384,0
30.048,13.728,9.28,5.45261e+08,33280.1,2181.04,1.0229,0,16384,0
27.232,10.4,9.504,6.01645e+08,36721.5,2406.58,1.0229,0,16384,0
30.4,14.496,8.992,5.38947e+08,32894.7,2155.79,1.0229,0,16384,0
27.616,11.136,9.536,5.93279e+08,36210.9,2373.12,1.0229,0,16384,0
30.72,14.24,9.12,5.33333e+08,32552.1,2133.33,1.0229,0,16384,0
27.024,10.944,8.896,6.06276e+08,37004.1,2425.1,1.0229,0,16384,0
28.481,12,9.44,5.75261e+08,35111.1,2301.04,1.0229,0,16384,0
28.096,11.584,9.536,5.83144e+08,35592.3,2332.57,1.0229,0,16384,0
27.232,10.944,9.088,6.01645e+08,36721.5,2406.58,1.0229,0,16384,0
27.232,10.944,9.344,6.01645e+08,36721.5,2406.58,1.0229,0,16384,0
29.472,11.968,10.528,5.55917e+08,33930.5,2223.67,1.0229,0,16384,0
31.36,11.68,12.512,5.22449e+08,31887.8,2089.8,1.0229,0,16384,0
27.392,11.168,9.152,5.98131e+08,36507,2392.52,1.0229,0,16384,0
28.224,11.584,9.6,5.80499e+08,35430.8,2322,1.0229,0,16384,0
28.288,11.136,9.536,5.79186e+08,35350.7,2316.74,1.0229,0,16384,0
28,11.072,9.248,5.85143e+08,35714.3,2340.57,1.0229,0,16384,0
27.392,11.232,9.152,5.98131e+08,36507,2392.52,1.0229,0,16384,0
30.304,13.312,9.984,5.40655e+08,32998.9,2162.62,1.0229,0,16384,0
27.472,11.232,9.184,5.96389e+08,36400.7,2385.56,1.0229,0,16384,0
27.2,11.04,9.12,6.02353e+08,36764.7,2409.41,1.0229,0,16384,0
31.136,12.864,9.536,5.26208e+08,32117.2,2104.83,1.0229,0,16384,0
27.392,11.104,9.12,5.98131e+08,36507,2392.52,1.0229,0,16384,0
30.544,14.272,9.088,5.36406e+08,32739.7,2145.63,1.0229,0,16384,0
27.184,11.264,8.96,6.02707e+08,36786.3,2410.83,1.0229,0,16384,0
30.336,12.128,8.832,5.40084e+08,32964.1,2160.34,1.0229,0,16384,0
27.28,11.328,8.928,6.00587e+08,36656.9,2402.35,1.0229,0,16384,0
28.336,12.416,8.608,5.78204e+08,35290.8,2312.82,1.0229,0,16384,0
29.249,11.936,9.472,5.60156e+08,34189.2,2240.62,1.0229,0,16384,0
28.368,10.816,8.832,5.77552e+08,35251,2310.21,1.0229,0,16384,0
27.152,11.008,9.184,6.03418e+08,36829.7,2413.67,1.0229,0,16384,0
28.72,12.48,9.184,5.70474e+08,34818.9,2281.89,1.0229,0,16384,0
29.312,13.44,8.8,5.58952e+08,34115.7,2235.81,1.0229,0,16384,0
27.36,11.36,8.8,5.9883e+08,36549.7,2395.32,1.0229,0,16384,0
27.184,11.04,9.216,6.02707e+08,36786.3,2410.83,1.0229,0,16384,0
32.096,11.872,8.736,5.10469e+08,31156.5,2041.87,1.0229,0,16384,0
31.248,11.296,12.096,5.24322e+08,32002,2097.29,1.0229,0,16384,0
27.296,10.88,9.44,6.00234e+08,36635.4,2400.94,1.0229,0,16384,0
29.376,13.248,8.928,5.57734e+08,34041.4,2230.94,1.0229,0,16384,0
29.376,13.344,8.928,5.57734e+08,34041.4,2230.94,1.0229,0,16384,0
27.2,11.392,8.704,6.02353e+08,36764.7,2409.41,1.0229,0,16384,0
29.264,11.136,9.152,5.59869e+08,34171.7,2239.48,1.0229,0,16384,0
29.504,11.552,9.696,5.55315e+08,33893.7,2221.26,1.0229,0,16384,0
28.048,11.328,9.6,5.84141e+08,35653.2,2336.57,1.0229,0,16384,0
27.184,10.752,9.44,6.02707e+08,36786.3,2410.83,1.0229,0,16384,0
28.416,11.808,9.248,5.76577e+08,35191.4,2306.31,1.0229,0,16384,0
27.2,11.136,9.056,6.02353e+08,36764.7,2409.41,1.0229,0,16384,0
28.272,12,9.248,5.79513e+08,35370.7,2318.05,1.0229,0,16384,0
28.224,11.584,9.664,5.80499e+08,35430.8,2322,1.0229,0,16384,0
31.008,14.944,8.864,5.2838e+08,32249.7,2113.52,1.0229,0,16384,0
31.28,11.072,12.512,5.23785e+08,31969.3,2095.14,1.0229,0,16384,0
27.312,11.104,9.056,5.99883e+08,36613.9,2399.53,1.0229,0,16384,0
28.176,12.32,8.864,5.81488e+08,35491.2,2325.95,1.0229,0,16384,0
30.512,14.56,8.928,5.36969e+08,32774,2147.88,1.0229,0,16384,0
27.168,11.232,8.992,6.03062e+08,36808,2412.25,1.0229,0,16384,0
30.576,10.912,9.216,5.35845e+08,32705.4,2143.38,1.0229,0,16384,0
27.2,11.168,9.024,6.02353e+08,36764.7,2409.41,1.0229,0,16384,0
28.16,11.264,9.696,5.81818e+08,35511.4,2327.27,1.0229,0,16384,0
32.112,15.776,9.408,5.10214e+08,31141,2040.86,1.0229,0,16384,0
27.264,11.488,8.832,6.00939e+08,36678.4,2403.76,1.0229,0,16384,0
29.408,11.456,8.704,5.57127e+08,34004.4,2228.51,1.0229,0,16384,0
29.68,11.584,8.832,5.52022e+08,33692.7,2208.09,1.0229,0,16384,0
27.952,11.36,9.568,5.86148e+08,35775.6,2344.59,1.0229,0,16384,0
27.168,11.008,8.96,6.03062e+08,36808,2412.25,1.0229,0,16384,0
29.136,12.928,9.216,5.62328e+08,34321.8,2249.31,1.0229,0,16384,0
27.296,11.36,8.768,6.00234e+08,36635.4,2400.94,1.0229,0,16384,0
29.248,13.184,9.056,5.60175e+08,34190.4,2240.7,1.0229,0,16384,0
30.224,11.424,11.808,5.42086e+08,33086.3,2168.34,1.0229,0,16384,0
27.264,11.296,8.864,6.00939e+08,36678.4,2403.76,1.0229,0,16384,0
28.289,11.808,9.536,5.79165e+08,35349.4,2316.66,1.0229,0,16384,0
32.416,12.736,12.32,5.05429e+08,30849,2021.72,1.0229,0,16384,0
29.776,11.232,8.832,5.50242e+08,33584.1,2200.97,1.0229,0,16384,0
27.536,11.296,9.152,5.95003e+08,36316.1,2380.01,1.0229,0,16384,0
30.4,14.4,8.992,5.38947e+08,32894.7,2155.79,1.0229,0,16384,0
27.2,11.2,8.992,6.02353e+08,36764.7,2409.41,1.0229,0,16384,0
28.416,12.544,8.96,5.76577e+08,35191.4,2306.31,1.0229,0,16384,0
28.272,12.352,8.768,5.79513e+08,35370.7,2318.05,1.0229,0,16384,0
27.28,11.456,8.832,6.00587e+08,36656.9,2402.35,1.0229,0,16384,0
30.32,11.008,9.568,5.40369e+08,32981.5,2161.48,1.0229,0,16384,0
27.76,11.136,9.504,5.90202e+08,36023.1,2360.81,1.0229,0,16384,0
30.368,11.84,9.6,5.39515e+08,32929.4,2158.06,1.0229,0,16384,0
28.96,11.456,8.736,5.65746e+08,34530.4,2262.98,1.0229,0,16384,0
27.616,11.392,9.28,5.93279e+08,36210.9,2373.12,1.0229,0,16384,0
30.336,14.336,8.96,5.40084e+08,32964.1,2160.34,1.0229,0,16384,0
27.264,11.232,8.8,6.00939e+08,36678.4,2403.76,1.0229,0,16384,0
29.392,12.992,9.408,5.57431e+08,34022.9,2229.72,1.0229,0,16384,0
28.32,12.672,8.672,5.78531e+08,35310.7,2314.12,1.0229,0,16384,0
27.216,10.976,9.056,6.01999e+08,36743.1,2408,1.0229,0,16384,0
28.32,11.968,9.248,5.78531e+08,35310.7,2314.12,1.0229,0,16384,0
29.216,13.216,9.184,5.60789e+08,34227.8,2243.15,1.0229,0,16384,0
28.337,11.904,8.64,5.78184e+08,35289.6,2312.74,1.0229,0,16384,0
29.568,12.896,9.568,5.54113e+08,33820.3,2216.45,1.0229,0,16384,0
27.616,11.616,8.992,5.93279e+08,36210.9,2373.12,1.0229,0,16384,0
27.488,10.912,8.704,5.96042e+08,36379.5,2384.17,1.0229,0,16384,0
28.992,11.392,8.8,5.65121e+08,34492.3,2260.49,1.0229,0,16384,0
27.536,11.072,9.408,5.95003e+08,36316.1,2380.01,1.0229,0,16384,0
32.512,16.16,9.152,5.03937e+08,30757.9,2015.75,1.0229,0,16384,0
27.904,11.392,9.44,5.87156e+08,35837.2,2348.62,1.0229,0,16384,0
28.176,10.912,8.96,5.81488e+08,35491.2,2325.95,1.0229,0,16384,0
28.384,11.328,9.28,5.77227e+08,35231.1,2308.91,1.0229,0,16384,0
27.488,11.68,8.736,5.96042e+08,36379.5,2384.17,1.0229,0,16384,0
26.784,10.016,9.696,6.11708e+08,37335.7,2446.83,1.0229,0,16384,0
28.144,11.712,9.504,5.82149e+08,35531.6,2328.6,1.0229,0,16384,0
28.432,12.064,8.928,5.76252e+08,35171.6,2305.01,1.0229,0,16384,0
28.496,11.744,9.568,5.74958e+08,35092.6,2299.83,1.0229,0,16384,0
28.112,11.36,9.664,5.82812e+08,35572,2331.25,1.0229,0,16384,0
32.448,16.512,8.768,5.04931e+08,30818.5,2019.72,1.0229,0,16384,0
28.32,11.808,9.376,5.78531e+08,35310.7,2314.12,1.0229,0,16384,0
27.232,10.912,8.704,6.01645e+08,36721.5,2406.58,1.0229,0,16384,0
32.896,12.736,9.664,4.98054e+08,30398.8,1992.22,1.0229,0,16384,0
26.992,11.008,8.832,6.06995e+08,37048,2427.98,1.0229,0,16384,0
30.289,14.656,8.736,5.40922e+08,33015.3,2163.69,1.0229,0,16384,0
27.2,10.56,9.152,6.02353e+08,36764.7,2409.41,1.0229,0,16384,0
28.592,12.896,8.736,5.73027e+08,34974.8,2292.11,1.0229,0,16384,0
28.336,11.84,9.568,5.78204e+08,35290.8,2312.82,1.0229,0,16384,0
27.456,11.264,8.928,5.96737e+08,36421.9,2386.95,1.0229,0,16384,0
30.208,11.008,9.248,5.42373e+08,33103.8,2169.49,1.0229,0,16384,0
28.32,12.32,9.056,5.78531e+08,35310.7,2314.12,1.0229,0,16384,0
28.304,12.096,9.312,5.78858e+08,35330.7,2315.43,1.0229,0,16384,0
27.792,11.584,9.088,5.89522e+08,35981.6,2358.09,1.0229,0,16384,0
29.232,13.216,8.864,5.60482e+08,34209.1,2241.93,1.0229,0,16384,0
27.312,11.2,9.056,5.99883e+08,36613.9,2399.53,1.0229,0,16384,0
28.256,12.416,8.832,5.79841e+08,35390.7,2319.37,1.0229,0,16384,0
28.224,11.776,9.312,5.80499e+08,35430.8,2322,1.0229,0,16384,0
28.32,12.448,8.864,5.78531e+08,35310.7,2314.12,1.0229,0,16384,0
29.344,13.28,9.024,5.58342e+08,34078.5,2233.37,1.0229,0,16384,0
27.344,11.136,9.088,5.99181e+08,36571.1,2396.72,1.0229,0,16384,0
31.296,15.2,8.928,5.23517e+08,31953,2094.07,3.81832,0,16384,0
28,11.648,9.376,5.85143e+08,35714.3,2340.57,3.81832,0,16384,0
31.296,11.616,11.936,5.23517e+08,31953,2094.07,3.81832,0,16384,0
27.168,11.232,8.896,6.03062e+08,36808,2412.25,3.81832,0,16384,0
31.393,12.448,12.064,5.219e+08,31854.2,2087.6,3.81832,0,16384,0
28.368,11.936,9.28,5.77552e+08,35251,2310.21,3.81832,0,16384,0
27.312,11.136,9.056,5.99883e+08,36613.9,2399.53,3.81832,0,16384,0
27.248,11.168,9.088,6.01292e+08,36699.9,2405.17,3.81832,0,16384,0
29.472,13.344,9.184,5.55917e+08,33930.5,2223.67,3.81832,0,16384,0
27.024,10.304,8.928,6.06276e+08,37004.1,2425.1,3.81832,0,16384,0
27.52,11.264,9.312,5.95349e+08,36337.2,2381.4,3.81832,0,16384,0
29.168,12.736,9.568,5.61711e+08,34284.1,2246.85,3.81832,0,16384,0
31.648,11.296,9.344,5.17695e+08,31597.6,2070.78,3.81832,0,16384,0
28.784,10.784,9.408,5.69205e+08,34741.5,2276.82,3.81832,0,16384,0
27.856,11.392,9.504,5.88168e+08,35898.9,2352.67,3.81832,0,16384,0
30.448,14.272,9.024,5.38098e+08,32842.9,2152.39,3.81832,0,16384,0
28.256,11.712,9.504,5.79841e+08,35390.7,2319.37,3.81832,0,16384,0
27.312,11.36,8.864,5.99883e+08,36613.9,2399.53,3.81832,0,16384,0
30.016,12.288,9.024,5.45842e+08,33315.6,2183.37,3.81832,0,16384,0
27.728,11.36,9.312,5.90883e+08,36064.6,2363.53,3.81832,0,16384,0
29.376,13.504,8.864,5.57734e+08,34041.4,2230.94,3.81832,0,16384,0
28.368,11.744,9.536,5.77552e+08,35251,2310.21,3.81832,0,16384,0
28.4,11.552,9.76,5.76901e+08,35211.3,2307.61,3.81832,0,16384,0
28.176,12.064,9.216,5.81488e+08,35491.2,2325.95,3.81832,0,16384,0
29.441,12.832,9.6,5.56503e+08,33966.2,2226.01,3.81832,0,16384,0
27.248,11.488,8.736,6.01292e+08,36699.9,2405.17,3.81832,0,16384,0
30.544,11.552,8.768,5.36406e+08,32739.7,2145.63,3.81832,0,16384,0
30.352,11.456,9.312,5.398e+08,32946.8,2159.2,3.81832,0,16384,0
27.424,11.424,9.024,5.97433e+08,36464.4,2389.73,3.81832,0,16384,0
27.12,11.296,8.064,6.0413e+08,36873.2,2416.52,3.81832,0,16384,0
33.008,13.088,9.536,4.96365e+08,30295.7,1985.46,3.81832,0,16384,0
27.824,11.2,9.664,5.88844e+08,35940.2,2355.38,3.81832,0,16384,0
29.52,13.184,9.024,5.55014e+08,33875.3,2220.05,3.81832,0,16384,0
27.12,11.392,8.768,6.0413e+08,36873.2,2416.52,3.81832,0,16384,0
29.216,12.864,9.536,5.60789e+08,34227.8,2243.15,3.81832,0,16384,0
30.336,14.304,9.056,5.40084e+08,32964.1,2160.34,3.81832,0,16384,0
27.696,11.456,9.44,5.91566e+08,36106.3,2366.26,3.81832,0,16384,0
27.248,11.072,9.12,6.01292e+08,36699.9,2405.17,3.81832,0,16384,0
30.736,12.768,9.728,5.33056e+08,32535.1,2132.22,3.81832,0,16384,0
27.984,11.296,9.504,5.85477e+08,35734.7,2341.91,3.81832,0,16384,0
29.472,13.44,8.8,5.55917e+08,33930.5,2223.67,3.81832,0,16384,0
27.84,11.2,8.928,5.88506e+08,35919.5,2354.02,3.81832,0,16384,0
26.8,11.168,8.704,6.11343e+08,37313.4,2445.37,3.81832,0,16384,0
29.377,13.056,9.184,5.57715e+08,34040.2,2230.86,3.81832,0,16384,0
27.264,11.232,9.152,6.00939e+08,36678.4,2403.76,3.81832,0,16384,0
31.392,12.128,9.152,5.21916e+08,31855.2,2087.67,3.81832,0,16384,0
30.08,12.576,8.8,5.44681e+08,33244.7,2178.72,3.81832,0,16384,0
27.552,11.712,8.704,5.94657e+08,36295,2378.63,3.81832,0,16384,0
30.384,14.208,9.056,5.39231e+08,32912.1,2156.92,3.81832,0,16384,0
28.32,11.424,9.632,5.78531e+08,35310.7,2314.12,3.81832,0,16384,0
28.752,12.288,9.216,5.69839e+08,34780.2,2279.35,3.81832,0,16384,0
29.328,12.992,9.312,5.58647e+08,34097.1,2234.59,3.81832,0,16384,0
30.288,14.272,8.96,5.4094e+08,33016.4,2163.76,3.81832,0,16384,0
27.248,11.104,8.96,6.01292e+08,36699.9,2405.17,3.81832,0,16384,0
28.304,12.48,8.832,5.78858e+08,35330.7,2315.43,3.81832,0,16384,0
27.232,11.488,8.8,6.01645e+08,36721.5,2406.58,3.81832,0,16384,0
27.632,11.328,9.056,5.92936e+08,36189.9,2371.74,3.81832,0,16384,0
28,11.456,9.696,5.85143e+08,35714.3,2340.57,3.81832,0,16384,0
31.552,15.104,9.472,5.1927e+08,31693.7,2077.08,3.81832,0,16384,0
29.088,10.88,9.12,5.63256e+08,34378.4,2253.03,3.81832,0,16384,0
27.328,10.976,9.088,5.99532e+08,36592.5,2398.13,3.81832,0,16384,0
28.256,12.448,8.832,5.79841e+08,35390.7,2319.37,3.81832,0,16384,0
31.424,15.072,9.44,5.21385e+08,31822.8,2085.54,3.81832,0,16384,0
27.344,11.36,8.96,5.99181e+08,36571.1,2396.72,3.81832,0,16384,0
30.321,11.456,8.928,5.40352e+08,32980.4,2161.41,3.81832,0,16384,0
30.64,11.2,8.96,5.34726e+08,32637.1,2138.9,3.81832,0,16384,0
27.872,11.328,9.184,5.8783e+08,35878.3,2351.32,3.81832,0,16384,0
27.12,11.104,9.12,6.0413e+08,36873.2,2416.52,3.81832,0,16384,0
28.288,12.416,8.768,5.79186e+08,35350.7,2316.74,3.81832,0,16384,0
29.2,12.608,8.64,5.61096e+08,34246.6,2244.38,3.81832,0,16384,0
27.376,11.488,8.928,5.9848e+08,36528.3,2393.92,3.81832,0,16384,0
26.336,9.792,9.312,6.22114e+08,37970.8,2488.46,3.81832,0,16384,0
27.52,11.616,8.768,5.95349e+08,36337.2,2381.4,3.81832,0,16384,0
29.168,13.536,8.672,5.61711e+08,34284.1,2246.85,3.81832,0,16384,0
27.408,10.912,8.864,5.97782e+08,36485.7,2391.13,3.81832,0,16384,0
29.264,12.704,9.44,5.59869e+08,34171.7,2239.48,3.81832,0,16384,0
29.392,13.344,8.96,5.57431e+08,34022.9,2229.72,3.81832,0,16384,0
27.184,11.36,8.832,6.02707e+08,36786.3,2410.83,3.81832,0,16384,0
27.456,11.264,9.28,5.96737e+08,36421.9,2386.95,3.81832,0,16384,0
29.408,12.704,9.6,5.57127e+08,34004.4,2228.51,3.81832,0,16384,0
27.824,11.552,9.344,5.88844e+08,35940.2,2355.38,3.81832,0,16384,0
31.424,15.36,9.056,5.21385e+08,31822.8,2085.54,3.81832,0,16384,0
28.464,11.84,9.408,5.75604e+08,35132.1,2302.42,3.81832,0,16384,0
27.232,11.2,9.024,6.01645e+08,36721.5,2406.58,3.81832,0,16384,0
31.472,13.344,8.928,5.2059e+08,31774.3,2082.36,3.81832,0,16384,0
27.969,11.616,9.472,5.85791e+08,35753.9,2343.17,3.81832,0,16384,0
30.496,14.08,9.28,5.37251e+08,32791.2,2149,3.81832,0,16384,0
28.256,11.52,9.44,5.79841e+08,35390.7,2319.37,3.81832,0,16384,0
29.2,12.864,9.216,5.61096e+08,34246.6,2244.38,3.81832,0,16384,0
28.272,12.352,8.896,5.79513e+08,35370.7,2318.05,3.81832,0,16384,0
27.424,10.976,9.184,5.97433e+08,36464.4,2389.73,3.81832,0,16384,0
30.336,11.264,9.504,5.40084e+08,32964.1,2160.34,3.81832,0,16384,0
28.272,11.488,9.728,5.79513e+08,35370.7,2318.05,3.81832,0,16384,0
28.384,12.544,8.832,5.77227e+08,35231.1,2308.91,3.81832,0,16384,0
31.584,15.04,9.408,5.18744e+08,31661.6,2074.97,3.81832,0,16384,0
27.04,11.264,8.736,6.05917e+08,36982.2,2423.67,3.81832,0,16384,0
29.024,12.352,9.632,5.64498e+08,34454.2,2257.99,3.81832,0,16384,0
27.264,11.264,8.928,6.00939e+08,36678.4,2403.76,3.81832,0,16384,0
27.808,11.328,9.472,5.89183e+08,35960.9,2356.73,3.81832,0,16384,0
30.368,14.624,8.768,5.39515e+08,32929.4,2158.06,3.81832,0,16384,0
31.04,15.2,8.8,5.27835e+08,32216.5,2111.34,3.81832,0,16384,0
26.864,10.272,9.472,6.09887e+08,37224.5,2439.55,3.81832,0,16384,0
29.296,12.064,9.472,5.59257e+08,34134.4,2237.03,3.81832,0,16384,0
28.368,12.192,8.896,5.77552e+08,35251,2310.21,3.81832,0,16384,0
27.328,10.72,8.512,5.99532e+08,36592.5,2398.13,3.81832,0,16384,0
27.136,11.104,9.024,6.03774e+08,36851.4,2415.09,3.81832,0,16384,0
28.273,12.192,9.056,5.79493e+08,35369.4,2317.97,3.81832,0,16384,0
28.448,12.16,9.184,5.75928e+08,35151.9,2303.71,3.81832,0,16384,0
27.248,11.264,8.896,6.01292e+08,36699.9,2405.17,3.81832,0,16384,0
31.328,14.496,9.536,5.22983e+08,31920.3,2091.93,3.81832,0,16384,0
30.48,11.456,9.312,5.37533e+08,32808.4,2150.13,3.81832,0,16384,0
30.528,11.584,8.576,5.36688e+08,32756.8,2146.75,3.81832,0,16384,0
27.056,11.2,8.896,6.05559e+08,36960.4,2422.24,3.81832,0,16384,0
30.352,14.56,8.704,5.398e+08,32946.8,2159.2,3.81832,0,16384,0
28.432,12.288,8.928,5.76252e+08,35171.6,2305.01,3.81832,0,16384,0
28.224,11.392,9.664,5.80499e+08,35430.8,2322,3.81832,0,16384,0
28.272,12.32,8.768,5.79513e+08,35370.7,2318.05,3.81832,0,16384,0
27.12,11.392,8.8,6.0413e+08,36873.2,2416.52,3.81832,0,16384,0
27.36,11.136,8.48,5.9883e+08,36549.7,2395.32,3.81832,0,16384,0
32.656,12.832,9.568,5.01715e+08,30622.2,2006.86,3.81832,0,16384,0
28.128,11.36,9.696,5.8248e+08,35551.8,2329.92,3.81832,0,16384,0
31.216,14.656,9.536,5.24859e+08,32034.9,2099.44,3.81832,0,16384,0
27.424,11.52,8.992,5.97433e+08,36464.4,2389.73,3.81832,0,16384,0
28.224,11.616,8.832,5.80499e+08,35430.8,2322,3.81832,0,16384,0
29.472,12.288,9.504,5.55917e+08,33930.5,2223.67,3.81832,0,16384,0
29.216,13.248,8.928,5.60789e+08,34227.8,2243.15,3.81832,0,16384,0
28.577,12.224,9.216,5.73328e+08,34993.2,2293.31,3.81832,0,16384,0
27.248,11.392,8.768,6.01292e+08,36699.9,2405.17,3.81832,0,16384,0
27.008,11.136,8.928,6.06635e+08,37026.1,2426.54,3.81832,0,16384,0
27.312,11.52,8.64,5.99883e+08,36613.9,2399.53,3.81832,0,16384,0
32.704,12.992,9.216,5.00978e+08,30577.3,2003.91,3.81832,0,16384,0
31.072,11.488,9.344,5.27291e+08,32183.3,2109.17,3.81832,0,16384,0
27.296,11.424,8.832,6.00234e+08,36635.4,2400.94,3.81832,0,16384,0
32.384,16.16,9.12,5.05929e+08,30879.4,2023.72,3.81832,0,16384,0
28.288,11.808,9.568,5.79186e+08,35350.7,2316.74,3.81832,0,16384,0
27.392,11.104,8.32,5.98131e+08,36507,2392.52,3.81832,0,16384,0
29.296,12.928,9.44,5.59257e+08,34134.4,2237.03,3.81832,0,16384,0
28,11.616,9.312,5.85143e+08,35714.3,2340.57,3.81832,0,16384,0
30.32,13.728,9.536,5.40369e+08,32981.5,2161.48,3.81832,0,16384,0
28.16,12,9.12,5.81818e+08,35511.4,2327.27,3.81832,0,16384,0
27.456,11.296,9.056,5.96737e+08,36421.9,2386.95,3.81832,0,16384,0
30.272,14.08,9.216,5.41226e+08,33033.8,2164.9,3.81832,0,16384,0
27.248,11.648,8.704,6.01292e+08,36699.9,2405.17,3.81832,0,16384,0
29.344,11.264,9.664,5.58342e+08,34078.5,2233.37,3.81832,0,16384,0
28.656,11.776,9.504,5.71748e+08,34896.7,2286.99,3.81832,0,16384,0
28.032,11.296,9.824,5.84475e+08,35673.5,2337.9,3.81832,0,16384,0
28.272,11.712,9.6,5.79513e+08,35370.7,2318.05,3.81832,0,16384,0
29.361,13.024,9.376,5.58019e+08,34058.8,2232.08,3.81832,0,16384,0
27.216,11.424,8.832,6.01999e+08,36743.1,2408,3.81832,0,16384,0
29.216,13.44,8.832,5.60789e+08,34227.8,2243.15,3.81832,0,16384,0
28.128,11.68,8.832,5.8248e+08,35551.8,2329.92,3.81832,0,16384,0
28.656,12.416,9.312,5.71748e+08,34896.7,2286.99,3.81832,0,16384,0
27.36,11.264,9.216,5.9883e+08,36549.7,2395.32,3.81832,0,16384,0
29.264,12.736,9.472,5.59869e+08,34171.7,2239.48,3.81832,0,16384,0
27.52,11.424,8.896,5.95349e+08,36337.2,2381.4,3.81832,0,16384,0
28.32,12.32,8.896,5.78531e+08,35310.7,2314.12,3.81832,0,16384,0
27.328,11.584,8.544,5.99532e+08,36592.5,2398.13,3.81832,0,16384,0
27.2,11.296,8.96,6.02353e+08,36764.7,2409.41,3.81832,0,16384,0
28.704,12.672,8.736,5.70792e+08,34838.4,2283.17,3.81832,0,16384,0
29.392,13.056,8.64,5.57431e+08,34022.9,2229.72,3.81832,0,16384,0
28.256,12.064,9.184,5.79841e+08,35390.7,2319.37,3.81832,0,16384,0
28.144,11.712,9.632,5.82149e+08,35531.6,2328.6,3.81832,0,16384,0
28.096,11.808,9.12,5.83144e+08,35592.3,2332.57,3.81832,0,16384,0
29.408,12.96,9.44,5.57127e+08,34004.4,2228.51,3.81832,0,16384,0
30.992,14.72,9.376,5.28653e+08,32266.4,2114.61,3.81832,0,16384,0
25.104,9.056,9.024,6.52645e+08,39834.3,2610.58,3.81832,0,16384,0
29.616,11.776,8.896,5.53214e+08,33765.5,2212.86,3.81832,0,16384,0
29.136,12.224,8.064,5.62328e+08,34321.8,2249.31,3.81832,0,16384,0
28.544,11.2,8.16,5.73991e+08,35033.6,2295.96,3.81832,0,16384,0
28.16,12.32,7.904,5.81818e+08,35511.4,2327.27,3.81832,0,16384,0
37.632,21.28,9.248,4.35374e+08,26573.1,1741.5,3.81832,0,16384,0
29.168,12.384,9.76,5.61711e+08,34284.1,2246.85,3.81832,0,16384,0
27.856,11.296,9.504,5.88168e+08,35898.9,2352.67,3.81832,0,16384,0
29.392,11.904,9.76,5.57431e+08,34022.9,2229.72,3.81832,0,16384,0
29.872,11.392,8.928,5.48473e+08,33476.2,2193.89,3.81832,0,16384,0
27.872,11.872,8.768,5.8783e+08,35878.3,2351.32,3.81832,0,16384,0
28.384,11.456,9.472,5.77227e+08,35231.1,2308.91,3.81832,0,16384,0
27.872,11.424,8.864,5.8783e+08,35878.3,2351.32,3.81832,0,16384,0
27.68,11.456,9.44,5.91908e+08,36127.2,2367.63,3.81832,0,16384,0
30.384,14.048,9.184,5.39231e+08,32912.1,2156.92,3.81832,0,16384,0
27.344,11.424,8.992,5.99181e+08,36571.1,2396.72,3.81832,0,16384,0
32.464,12.512,9.664,5.04682e+08,30803.4,2018.73,3.81832,0,16384,0
28.416,11.104,8.992,5.76577e+08,35191.4,2306.31,3.81832,0,16384,0
26.944,11.136,8.736,6.08076e+08,37114,2432.3,3.81832,0,16384,0
27.312,11.136,9.12,5.99883e+08,36613.9,2399.53,3.81832,0,16384,0
28.608,12.192,8.864,5.72707e+08,34955.3,2290.83,3.81832,0,16384,0
27.936,11.36,9.44,5.86483e+08,35796.1,2345.93,3.81832,0,16384,0
31.344,14.72,9.536,5.22716e+08,31904,2090.86,3.81832,0,16384,0
27.185,11.488,8.736,6.02685e+08,36785,2410.74,3.81832,0,16384,0
30.32,11.168,8.736,5.40369e+08,32981.5,2161.48,3.81832,0,16384,0
27.312,11.36,8.992,5.99883e+08,36613.9,2399.53,3.81832,0,16384,0
29.36,13.152,9.216,5.58038e+08,34059.9,2232.15,3.81832,0,16384,0
28.416,11.168,8.896,5.76577e+08,35191.4,2306.31,3.81832,0,16384,0
27.312,11.104,9.056,5.99883e+08,36613.9,2399.53,3.81832,0,16384,0
28.288,12.512,8.8,5.79186e+08,35350.7,2316.74,3.81832,0,16384,0
29.248,10.912,9.696,5.60175e+08,34190.4,2240.7,3.81832,0,16384,0
28.16,11.616,8.704,5.81818e+08,35511.4,2327.27,3.81832,0,16384,0
28.416,11.36,9.152,5.76577e+08,35191.4,2306.31,3.81832,0,16384,0
28.384,12.096,9.12,5.77227e+08,35231.1,2308.91,3.81832,0,16384,0
28.24,11.456,9.792,5.8017e+08,35410.8,2320.68,3.81832,0,16384,0
27.36,11.392,8.864,5.9883e+08,36549.7,2395.32,3.81832,0,16384,0
28.096,12.512,8.704,5.83144e+08,35592.3,2332.57,3.81832,0,16384,0
27.424,11.264,9.088,5.97433e+08,36464.4,2389.73,3.81832,0,16384,0
27.152,11.072,9.184,6.03418e+08,36829.7,2413.67,3.81832,0,16384,0
29.504,13.472,9.056,5.55315e+08,33893.7,2221.26,3.81832,0,16384,0
27.296,11.168,9.184,6.00234e+08,36635.4,2400.94,3.81832,0,16384,0
27.392,11.584,8.896,5.98131e+08,36507,2392.52,3.81832,0,16384,0
29.344,12.768,9.568,5.58342e+08,34078.5,2233.37,3.81832,0,16384,0
27.424,11.648,8.704,5.97433e+08,36464.4,2389.73,3.81832,0,16384,0
28.288,12.544,8.672,5.79186e+08,35350.7,2316.74,3.81832,0,16384,0
28.016,11.872,9.216,5.84809e+08,35693.9,2339.23,3.81832,0,16384,0
29.28,13.184,9.12,5.59563e+08,34153,2238.25,3.81832,0,16384,0
27.392,11.616,8.8,5.98131e+08,36507,2392.52,3.81832,0,16384,0
29.264,13.056,9.184,5.59869e+08,34171.7,2239.48,3.81832,0,16384,0
29.344,13.216,9.056,5.58342e+08,34078.5,2233.37,3.81832,0,16384,0
28.416,12.48,8.896,5.76577e+08,35191.4,2306.31,3.81832,0,16384,0
29.488,13.152,9.344,5.55616e+08,33912.1,2222.46,3.81832,0,16384,0
29.312,12.64,9.6,5.58952e+08,34115.7,2235.81,3.81832,0,16384,0
31.408,11.136,13.12,5.21651e+08,31839,2086.6,3.81832,0,16384,0
28.16,11.616,9.536,5.81818e+08,35511.4,2327.27,3.81832,0,16384,0
28.32,12.32,8.992,5.78531e+08,35310.7,2314.12,3.81832,0,16384,0
30.384,14.56,8.8,5.39231e+08,32912.1,2156.92,3.81832,0,16384,0
27.312,11.68,8.672,5.99883e+08,36613.9,2399.53,3.81832,0,16384,0
31.408,11.36,9.632,5.21651e+08,31839,2086.6,3.81832,0,16384,0
28.848,11.648,8.928,5.67942e+08,34664.4,2271.77,3.81832,0,16384,0
26.944,11.104,8.736,6.08076e+08,37114,2432.3,3.81832,0,16384,0
28.256,12.544,8.736,5.79841e+08,35390.7,2319.37,3.81832,0,16384,0
29.504,13.088,9.248,5.55315e+08,33893.7,2221.26,3.81832,0,16384,0
31.232,14.88,9.28,5.2459e+08,32018.4,2098.36,3.81832,0,16384,0
28.256,11.712,9.632,5.79841e+08,35390.7,2319.37,3.81832,0,16384,0
30.641,11.584,9.568,5.34708e+08,32636,2138.83,3.81832,0,16384,0
29.152,11.424,8.8,5.6202e+08,34303,2248.08,3.81832,0,16384,0
27.792,11.392,9.312,5.89522e+08,35981.6,2358.09,3.81832,0,16384,0
31.328,15.232,8.896,5.22983e+08,31920.3,2091.93,3.81832,0,16384,0
27.136,11.168,9.088,6.03774e+08,36851.4,2415.09,3.81832,0,16384,0
31.424,12.064,8.704,5.21385e+08,31822.8,2085.54,3.81832,0,16384,0
28.96,11.296,9.056,5.65746e+08,34530.4,2262.98,3.81832,0,16384,0
27.584,11.392,9.312,5.93968e+08,36252.9,2375.87,3.81832,0,16384,0
27.44,11.104,8.864,5.97085e+08,36443.1,2388.34,3.81832,0,16384,0
27.216,11.264,8.896,6.01999e+08,36743.1,2408,3.81832,0,16384,0
29.296,13.12,9.216,5.59257e+08,34134.4,2237.03,3.81832,0,16384,0
30.304,13.632,9.568,5.40655e+08,32998.9,2162.62,3.81832,0,16384,0
27.408,11.552,8.928,5.97782e+08,36485.7,2391.13,3.81832,0,16384,0
27.216,11.104,9.216,6.01999e+08,36743.1,2408,3.81832,0,16384,0
31.04,12.544,9.216,5.27835e+08,32216.5,2111.34,3.81832,0,16384,0
27.936,11.264,9.664,5.86483e+08,35796.1,2345.93,3.81832,0,16384,0
30.464,14.688,8.768,5.37815e+08,32825.6,2151.26,3.81832,0,16384,0
27.296,11.488,8.8,6.00234e+08,36635.4,2400.94,3.81832,0,16384,0
30.448,11.232,8.96,5.38098e+08,32842.9,2152.39,3.81832,0,16384,0
28.24,11.712,9.568,5.8017e+08,35410.8,2320.68,3.81832,0,16384,0
29.472,12.992,9.536,5.55917e+08,33930.5,2223.67,3.81832,0,16384,0
30.401,13.76,9.408,5.3893e+08,32893.7,2155.72,3.81832,0,16384,0
27.488,11.2,9.376,5.96042e+08,36379.5,2384.17,3.81832,0,16384,0
31.392,12.128,8.8,5.21916e+08,31855.2,2087.67,3.81832,0,16384,0
29.776,11.456,9.12,5.50242e+08,33584.1,2200.97,3.81832,0,16384,0
28.144,11.36,9.664,5.82149e+08,35531.6,2328.6,3.81832,0,16384,0
30.4,13.984,9.248,5.38947e+08,32894.7,2155.79,3.81832,0,16384,0
27.088,11.104,8.896,6.04843e+08,36916.7,2419.37,3.81832,0,16384,0
27.376,11.296,9.12,5.9848e+08,36528.3,2393.92,3.81832,0,16384,0
32.256,16.576,8.8,5.07937e+08,31002,2031.75,3.81832,0,16384,0
27.472,11.488,9.056,5.96389e+08,36400.7,2385.56,3.81832,0,16384,0
30.352,11.2,8.864,5.398e+08,32946.8,2159.2,3.81832,0,16384,0
28.176,11.744,9.536,5.81488e+08,35491.2,2325.95,3.81832,0,16384,0
27.312,11.392,9.024,5.99883e+08,36613.9,2399.53,3.81832,0,16384,0
27.648,11.456,9.376,5.92593e+08,36169,2370.37,3.81832,0,16384,0
31.632,13.216,9.248,5.17956e+08,31613.6,2071.83,3.81832,0,16384,0
27.312,11.488,8.736,5.99883e+08,36613.9,2399.53,3.81832,0,16384,0
29.312,13.632,8.736,5.58952e+08,34115.7,2235.81,3.81832,0,16384,0
27.488,11.52,8.992,5.96042e+08,36379.5,2384.17,3.81832,0,16384,0
27.504,11.52,8.832,5.95695e+08,36358.3,2382.78,3.81832,0,16384,0
31.6,15.872,8.736,5.18481e+08,31645.6,2073.92,3.81832,0,16384,0
28.08,11.36,9.696,5.83476e+08,35612.5,2333.9,3.81832,0,16384,0
30.497,11.136,9.504,5.37233e+08,32790.1,2148.93,3.81832,0,16384,0
29.792,11.584,8.832,5.49946e+08,33566.1,2199.79,3.81832,0,16384,0
27.968,11.616,9.44,5.85812e+08,35755.1,2343.25,3.81832,0,16384,0
28.368,12.224,9.152,5.77552e+08,35251,2310.21,3.81832,0,16384,0
29.392,13.344,9.344,5.57431e+08,34022.9,2229.72,3.81832,0,16384,0
27.36,11.648,8.768,5.9883e+08,36549.7,2395.32,3.81832,0,16384,0
28.752,12.192,9.6,5.69839e+08,34780.2,2279.35,3.81832,0,16384,0
28.192,11.552,9.76,5.81158e+08,35471.1,2324.63,3.81832,0,16384,0
27.6,11.488,9.12,5.93623e+08,36231.9,2374.49,3.81832,0,16384,0
32.304,16.416,8.992,5.07182e+08,30955.9,2028.73,3.81832,0,16384,0
27.824,11.328,9.664,5.88844e+08,35940.2,2355.38,3.81832,0,16384,0
31.152,12.896,9.536,5.25937e+08,32100.7,2103.75,3.81832,0,16384,0
27.984,11.52,9.472,5.85477e+08,35734.7,2341.91,3.81832,0,16384,0
31.312,15.36,8.832,5.2325e+08,31936.6,2093,3.81832,0,16384,0
27.504,11.84,8.736,5.95695e+08,36358.3,2382.78,3.81832,0,16384,0
31.392,11.424,12.288,5.21916e+08,31855.2,2087.67,3.81832,0,16384,0
27.728,11.264,9.504,5.90883e+08,36064.6,2363.53,3.81832,0,16384,0
29.344,13.056,9.44,5.58342e+08,34078.5,2233.37,3.81832,0,16384,0
30.928,15.072,8.864,5.29747e+08,32333.2,2118.99,3.81832,0,16384,0
28.192,11.648,9.408,5.81158e+08,35471.1,2324.63,3.81832,0,16384,0
28.864,12.064,9.024,5.67627e+08,34645.2,2270.51,3.81832,0,16384,0
28.513,11.488,8.832,5.74615e+08,35071.7,2298.46,3.81832,0,16384,0
27.44,11.456,8.896,5.97085e+08,36443.1,2388.34,3.81832,0,16384,0
31.136,14.88,9.408,5.26208e+08,32117.2,2104.83,3.81832,0,16384,0
27.84,11.744,9.056,5.88506e+08,35919.5,2354.02,3.81832,0,16384,0
30.24,11.296,8.864,5.41799e+08,33068.8,2167.2,3.81832,0,16384,0
27.504,11.296,9.28,5.95695e+08,36358.3,2382.78,3.81832,0,16384,0
29.344,12.896,9.536,5.58342e+08,34078.5,2233.37,3.81832,0,16384,0
30.992,15.072,8.864,5.28653e+08,32266.4,2114.61,3.81832,0,16384,0
28.24,11.552,9.504,5.8017e+08,35410.8,2320.68,3.81832,0,16384,0
29.536,11.104,9.408,5.54713e+08,33857,2218.85,3.81832,0,16384,0
29.44,11.552,9.664,5.56522e+08,33967.4,2226.09,3.81832,0,16384,0
28.336,11.776,9.632,5.78204e+08,35290.8,2312.82,3.81832,0,16384,0
27.328,10.784,9.408,5.99532e+08,36592.5,2398.13,3.81832,0,16384,0
28.512,11.68,9.248,5.74635e+08,35073,2298.54,3.81832,0,16384,0
27.36,11.296,8.992,5.9883e+08,36549.7,2395.32,3.81832,0,16384,0
28.704,12.032,9.568,5.70792e+08,34838.4,2283.17,3.81832,0,16384,0
27.28,11.296,8.672,6.00587e+08,36656.9,2402.35,3.81832,0,16384,0
30.608,11.296,9.312,5.35285e+08,32671.2,2141.14,3.81832,0,16384,0
29.872,11.584,8.672,5.48473e+08,33476.2,2193.89,3.81832,0,16384,0
28.193,11.616,9.664,5.81137e+08,35469.8,2324.55,3.81832,0,16384,0
31.312,15.552,8.832,5.2325e+08,31936.6,2093,3.81832,0,16384,0
27.6,11.936,8.736,5.93623e+08,36231.9,2374.49,3.81832,0,16384,0
30.416,11.104,8.704,5.38664e+08,32877.4,2154.66,3.81832,0,16384,0
28.88,11.232,9.44,5.67313e+08,34626,2269.25,3.81832,0,16384,0
27.936,11.424,9.632,5.86483e+08,35796.1,2345.93,3.81832,0,16384,0
27.712,11.392,9.184,5.91224e+08,36085.5,2364.9,3.81832,0,16384,0
29.392,13.056,9.184,5.57431e+08,34022.9,2229.72,3.81832,0,16384,0
27.216,11.296,9.024,6.01999e+08,36743.1,2408,3.81832,0,16384,0
30.352,13.664,9.664,5.398e+08,32946.8,2159.2,3.81832,0,16384,0
27.504,11.36,9.152,5.95695e+08,36358.3,2382.78,3.81832,0,16384,0
27.328,11.2,8.256,5.99532e+08,36592.5,2398.13,3.81832,0,16384,0
32.016,13.088,8.576,5.11744e+08,31234.4,2046.98,3.81832,0,16384,0
27.856,11.52,9.344,5.88168e+08,35898.9,2352.67,3.81832,0,16384,0
27.856,12.064,8.672,5.88168e+08,35898.9,2352.67,3.81832,0,16384,0
32.4,16.096,9.376,5.05679e+08,30864.2,2022.72,3.81832,0,16384,0
29.584,13.152,9.472,5.53813e+08,33802.1,2215.25,3.81832,0,16384,0
29.168,13.632,8.64,5.61711e+08,34284.1,2246.85,3.81832,0,16384,0
30.8,11.392,12.128,5.31948e+08,32467.5,2127.79,3.81832,0,16384,0
28.144,11.52,9.664,5.82149e+08,35531.6,2328.6,3.81832,0,16384,0
29.009,13.024,8.928,5.6479e+08,34472.1,2259.16,6.05466,0,16384,0
30.256,11.136,8.736,5.41512e+08,33051.3,2166.05,6.05466,0,16384,0
27.696,11.552,9.12,5.91566e+08,36106.3,2366.26,6.05466,0,16384,0
28.192,12.32,8.8,5.81158e+08,35471.1,2324.63,6.05466,0,16384,0
29.808,13.504,9.088,5.49651e+08,33548,2198.6,6.05466,0,16384,0
27.104,11.424,8.704,6.04486e+08,36894.9,2417.95,6.05466,0,16384,0
28.416,11.776,9.664,5.76577e+08,35191.4,2306.31,6.05466,0,16384,0
29.504,12.672,9.696,5.55315e+08,33893.7,2221.26,6.05466,0,16384,0
27.392,11.456,8.928,5.98131e+08,36507,2392.52,6.05466,0,16384,0
27.376,11.104,9.28,5.9848e+08,36528.3,2393.92,6.05466,0,16384,0
31.424,13.184,9.344,5.21385e+08,31822.8,2085.54,6.05466,0,16384,0
27.504,11.264,9.312,5.95695e+08,36358.3,2382.78,6.05466,0,16384,0
30.736,14.656,9.088,5.33056e+08,32535.1,2132.22,6.05466,0,16384,0
27.216,11.36,8.928,6.01999e+08,36743.1,2408,6.05466,0,16384,0
30.992,11.264,9.28,5.28653e+08,32266.4,2114.61,6.05466,0,16384,0
28.256,12.544,8.672,5.79841e+08,35390.7,2319.37,6.05466,0,16384,0
28.528,12.48,9.12,5.74313e+08,35053.3,2297.25,6.05466,0,16384,0
30.272,13.696,9.632,5.41226e+08,33033.8,2164.9,6.05466,0,16384,0
27.568,11.36,8.96,5.94312e+08,36273.9,2377.25,6.05466,0,16384,0
28.4,11.808,9.536,5.76901e+08,35211.3,2307.61,6.05466,0,16384,0
30.704,14.496,9.152,5.33611e+08,32569,2134.45,6.05466,0,16384,0
27.265,11.328,8.704,6.00917e+08,36677.1,2403.67,6.05466,0,16384,0
29.04,13.088,8.896,5.64187e+08,34435.3,2256.75,6.05466,0,16384,0
27.168,10.4,9.6,6.03062e+08,36808,2412.25,6.05466,0,16384,0
27.584,11.456,9.088,5.93968e+08,36252.9,2375.87,6.05466,0,16384,0
31.232,15.072,9.056,5.2459e+08,32018.4,2098.36,6.05466,0,16384,0
27.712,11.776,8.864,5.91224e+08,36085.5,2364.9,6.05466,0,16384,0
28.192,11.2,9.216,5.81158e+08,35471.1,2324.63,6.05466,0,16384,0
30.624,12.736,8.896,5.35005e+08,32654.1,2140.02,6.05466,0,16384,0
28.224,11.552,9.696,5.80499e+08,35430.8,2322,6.05466,0,16384,0
30.976,14.336,9.6,5.28926e+08,32283.1,2115.7,6.05466,0,16384,0
28.128,11.2,9.632,5.8248e+08,35551.8,2329.92,6.05466,0,16384,0
29.744,11.648,8.8,5.50834e+08,33620.2,2203.34,6.05466,0,16384,0
30.512,11.392,8.736,5.36969e+08,32774,2147.88,6.05466,0,16384,0
27.248,11.232,9.024,6.01292e+08,36699.9,2405.17,6.05466,0,16384,0
31.472,15.488,8.96,5.2059e+08,31774.3,2082.36,6.05466,0,16384,0
27.552,11.264,9.056,5.94657e+08,36295,2378.63,6.05466,0,16384,0
31.424,11.104,9.632,5.21385e+08,31822.8,2085.54,6.05466,0,16384,0
28.64,11.328,9.376,5.72067e+08,34916.2,2288.27,6.05466,0,16384,0
27.216,11.36,9.024,6.01999e+08,36743.1,2408,6.05466,0,16384,0
28.896,12.576,9.408,5.66999e+08,34606.9,2268,6.05466,0,16384,0
29.168,13.28,9.056,5.61711e+08,34284.1,2246.85,6.05466,0,16384,0
27.713,11.392,9.408,5.91203e+08,36084.1,2364.81,6.05466,0,16384,0
31.376,15.264,9.152,5.22183e+08,31871.5,2088.73,6.05466,0,16384,0
28.608,12,9.536,5.72707e+08,34955.3,2290.83,6.05466,0,16384,0
28.288,10.88,8.992,5.79186e+08,35350.7,2316.74,6.05466,0,16384,0
27.92,11.424,9.44,5.86819e+08,35816.6,2347.28,6.05466,0,16384,0
28.176,12.384,8.864,5.81488e+08,35491.2,2325.95,6.05466,0,16384,0
29.984,13.792,9.152,5.46425e+08,33351.1,2185.7,6.05466,0,16384,0
27.12,11.392,8.608,6.0413e+08,36873.2,2416.52,6.05466,0,16384,0
27.696,11.232,9.344,5.91566e+08,36106.3,2366.26,6.05466,0,16384,0
29.424,12.896,9.568,5.56824e+08,33985.9,2227.3,6.05466,0,16384,0
27.616,11.712,8.864,5.93279e+08,36210.9,2373.12,6.05466,0,16384,0
28.192,11.52,9.696,5.81158e+08,35471.1,2324.63,6.05466,0,16384,0
31.44,13.088,9.44,5.2112e+08,31806.6,2084.48,6.05466,0,16384,0
27.376,11.584,8.8,5.9848e+08,36528.3,2393.92,6.05466,0,16384,0
29.664,13.696,8.928,5.52319e+08,33710.9,2209.28,6.05466,0,16384,0
27.136,11.232,8.928,6.03774e+08,36851.4,2415.09,6.05466,0,16384,0
27.664,11.36,9.344,5.9225e+08,36148.1,2369,6.05466,0,16384,0
31.376,15.392,8.992,5.22183e+08,31871.5,2088.73,6.05466,0,16384,0
26.784,10.272,9.632,6.11708e+08,37335.7,2446.83,6.05466,0,16384,0
30.368,10.496,9.024,5.39515e+08,32929.4,2158.06,6.05466,0,16384,0
27.52,11.776,8.896,5.95349e+08,36337.2,2381.4,6.05466,0,16384,0
30.465,14.56,8.736,5.37797e+08,32824.6,2151.19,6.05466,0,16384,0
27.632,11.424,9.152,5.92936e+08,36189.9,2371.74,6.05466,0,16384,0
27.232,11.456,8.768,6.01645e+08,36721.5,2406.58,6.05466,0,16384,0
33.2,13.568,9.152,4.93494e+08,30120.5,1973.98,6.05466,0,16384,0
27.856,11.52,9.28,5.88168e+08,35898.9,2352.67,6.05466,0,16384,0
27.84,11.328,8.928,5.88506e+08,35919.5,2354.02,6.05466,0,16384,0
28.688,11.072,8.96,5.7111e+08,34857.8,2284.44,6.05466,0,16384,0
27.36,11.36,9.088,5.9883e+08,36549.7,2395.32,6.05466,0,16384,0
31.376,15.712,8.704,5.22183e+08,31871.5,2088.73,6.05466,0,16384,0
27.968,11.52,9.376,5.85812e+08,35755.1,2343.25,6.05466,0,16384,0
30.368,11.232,8.768,5.39515e+08,32929.4,2158.06,6.05466,0,16384,0
31.056,11.392,9.44,5.27563e+08,32199.9,2110.25,6.05466,0,16384,0
28.048,11.328,9.664,5.84141e+08,35653.2,2336.57,6.05466,0,16384,0
28.768,13.024,8.8,5.69522e+08,34760.8,2278.09,6.05466,0,16384,0
28.256,12.448,8.8,5.79841e+08,35390.7,2319.37,6.05466,0,16384,0
27.744,11.776,8.928,5.90542e+08,36043.8,2362.17,6.05466,0,16384,0
30.192,14.336,8.992,5.4266e+08,33121.4,2170.64,6.05466,0,16384,0
27.616,11.104,9.664,5.93279e+08,36210.9,2373.12,6.05466,0,16384,0
35.536,11.2,9.056,4.61054e+08,28140.5,1844.21,6.05466,0,16384,0
28.512,12.64,8.96,5.74635e+08,35073,2298.54,6.05466,0,16384,0
27.136,10.976,9.184,6.03774e+08,36851.4,2415.09,6.05466,0,16384,0
27.857,12.352,8.8,5.88147e+08,35897.6,2352.59,6.05466,0,16384,0
27.824,11.424,9.472,5.88844e+08,35940.2,2355.38,6.05466,0,16384,0
27.92,11.168,9.28,5.86819e+08,35816.6,2347.28,6.05466,0,16384,0
27.92,11.072,9.184,5.86819e+08,35816.6,2347.28,6.05466,0,16384,0
28.112,11.776,9.376,5.82812e+08,35572,2331.25,6.05466,0,16384,0
28.176,12.064,9.056,5.81488e+08,35491.2,2325.95,6.05466,0,16384,0
27.728,11.616,9.056,5.90883e+08,36064.6,2363.53,6.05466,0,16384,0
29.216,12.704,9.504,5.60789e+08,34227.8,2243.15,6.05466,0,16384,0
28.464,11.392,9.216,5.75604e+08,35132.1,2302.42,6.05466,0,16384,0
30.24,12.096,9.248,5.41799e+08,33068.8,2167.2,6.05466,0,16384,0
28.8,12.352,9.6,5.68889e+08,34722.2,2275.56,6.05466,0,16384,0
31.328,11.328,9.472,5.22983e+08,31920.3,2091.93,6.05466,0,16384,0
27.696,11.104,9.504,5.91566e+08,36106.3,2366.26,6.05466,0,16384,0
28.368,12.608,8.672,5.77552e+08,35251,2310.21,6.05466,0,16384,0
27.088,11.008,9.184,6.04843e+08,36916.7,2419.37,6.05466,0,16384,0
28.336,11.04,9.472,5.78204e+08,35290.8,2312.82,6.05466,0,16384,0
27.776,11.328,9.312,5.89862e+08,36002.3,2359.45,6.05466,0,16384,0
28.064,11.424,9.568,5.83808e+08,35632.8,2335.23,6.05466,0,16384,0
31.008,14.976,9.056,5.2838e+08,32249.7,2113.52,6.05466,0,16384,0
28.288,11.488,9.6,5.79186e+08,35350.7,2316.74,6.05466,0,16384,0
27.76,11.296,9.408,5.90202e+08,36023.1,2360.81,6.05466,0,16384,0
30.273,14.432,8.928,5.41208e+08,33032.7,2164.83,6.05466,0,16384,0
27.824,11.616,9.28,5.88844e+08,35940.2,2355.38,6.05466,0,16384,0
29.2,12.416,9.824,5.61096e+08,34246.6,2244.38,6.05466,0,16384,0
32.032,13.888,8.96,5.11489e+08,31218.8,2045.95,6.05466,0,16384,0
28.08,11.392,9.632,5.83476e+08,35612.5,2333.9,6.05466,0,16384,0
27.6,10.976,9.184,5.93623e+08,36231.9,2374.49,6.05466,0,16384,0
28.528,11.232,8.96,5.74313e+08,35053.3,2297.25,6.05466,0,16384,0
27.264,11.2,8.96,6.00939e+08,36678.4,2403.76,6.05466,0,16384,0
32.352,15.68,9.568,5.06429e+08,30910,2025.72,6.05466,0,16384,0
27.552,11.552,9.12,5.94657e+08,36295,2378.63,6.05466,0,16384,0
29.328,11.2,9.024,5.58647e+08,34097.1,2234.59,6.05466,0,16384,0
28.832,11.552,9.12,5.68257e+08,34683.7,2273.03,6.05466,0,16384,0
28.24,11.488,9.6,5.8017e+08,35410.8,2320.68,6.05466,0,16384,0
27.744,11.008,9.568,5.90542e+08,36043.8,2362.17,6.05466,0,16384,0
29.408,13.056,9.376,5.57127e+08,34004.4,2228.51,6.05466,0,16384,0
28.512,11.808,9.664,5.74635e+08,35073,2298.54,6.05466,0,16384,0
31.248,14.656,9.568,5.24322e+08,32002,2097.29,6.05466,0,16384,0
26.768,11.136,8.544,6.12074e+08,37358,2448.3,6.05466,0,16384,0
30.288,11.04,8.832,5.4094e+08,33016.4,2163.76,6.05466,0,16384,0
27.76,11.328,9.536,5.90202e+08,36023.1,2360.81,6.05466,0,16384,0
25.216,8.448,9.664,6.49746e+08,39657.4,2598.98,6.05466,0,16384,0
28.721,12.512,8.832,5.70454e+08,34817.7,2281.81,6.05466,0,16384,0
30.272,14.176,9.024,5.41226e+08,33033.8,2164.9,6.05466,0,16384,0
28.88,12.608,8.32,5.67313e+08,34626,2269.25,6.05466,0,16384,0
26.144,9.472,8.704,6.26683e+08,38249.7,2506.73,6.05466,0,16384,0
28.848,11.52,8.448,5.67942e+08,34664.4,2271.77,6.05466,0,16384,0
28.208,11.296,8.096,5.80828e+08,35450.9,2323.31,6.05466,0,16384,0
28.768,11.2,7.936,5.69522e+08,34760.8,2278.09,6.05466,0,16384,0
28.288,10.912,9.408,5.79186e+08,35350.7,2316.74,6.05466,0,16384,0
31.664,12.352,8.032,5.17433e+08,31581.6,2069.73,6.05466,0,16384,0
28.32,11.68,8.64,5.78531e+08,35310.7,2314.12,6.05466,0,16384,0
28.88,13.216,8.768,5.67313e+08,34626,2269.25,6.05466,0,16384,0
28.304,11.904,9.472,5.78858e+08,35330.7,2315.43,6.05466,0,16384,0
28.768,12.736,8.736,5.69522e+08,34760.8,2278.09,6.05466,0,16384,0
28.176,11.296,9.664,5.81488e+08,35491.2,2325.95,6.05466,0,16384,0
27.84,11.424,9.472,5.88506e+08,35919.5,2354.02,6.05466,0,16384,0
29.424,13.248,9.024,5.56824e+08,33985.9,2227.3,6.05466,0,16384,0
29.856,13.888,8.832,5.48767e+08,33494.1,2195.07,6.05466,0,16384,0
27.232,11.392,8.896,6.01645e+08,36721.5,2406.58,6.05466,0,16384,0
28.944,12.64,8.992,5.66059e+08,34549.5,2264.23,6.05466,0,16384,0
28.224,12.16,8.992,5.80499e+08,35430.8,2322,6.05466,0,16384,0
27.456,11.232,9.024,5.96737e+08,36421.9,2386.95,6.05466,0,16384,0
31.201,11.264,12.064,5.25111e+08,32050.3,2100.45,6.05466,0,16384,0
27.68,11.584,8.8,5.91908e+08,36127.2,2367.63,6.05466,0,16384,0
31.312,11.296,12.096,5.2325e+08,31936.6,2093,6.05466,0,16384,0
27.504,11.296,9.088,5.95695e+08,36358.3,2382.78,6.05466,0,16384,0
29.2,12.928,9.312,5.61096e+08,34246.6,2244.38,6.05466,0,16384,0
30.688,14.432,9.248,5.33889e+08,32586,2135.56,6.05466,0,16384,0
28.352,11.584,9.696,5.77878e+08,35270.9,2311.51,6.05466,0,16384,0
29.616,12,8.672,5.53214e+08,33765.5,2212.86,6.05466,0,16384,0
30.608,11.392,8.896,5.35285e+08,32671.2,2141.14,6.05466,0,16384,0
28.16,11.616,9.664,5.81818e+08,35511.4,2327.27,6.05466,0,16384,0
28.192,11.072,9.728,5.81158e+08,35471.1,2324.63,6.05466,0,16384,0
27.984,11.584,9.344,5.85477e+08,35734.7,2341.91,6.05466,0,16384,0
27.104,11.36,8.736,6.04486e+08,36894.9,2417.95,6.05466,0,16384,0
29.76,11.84,9.44,5.50538e+08,33602.2,2202.15,6.05466,0,16384,0
29.744,11.168,9.024,5.50834e+08,33620.2,2203.34,6.05466,0,16384,0
27.136,11.328,8.8,6.03774e+08,36851.4,2415.09,6.05466,0,16384,0
31.28,15.36,8.928,5.23785e+08,31969.3,2095.14,6.05466,0,16384,0
27.872,11.2,9.216,5.8783e+08,35878.3,2351.32,6.05466,0,16384,0
27.232,11.072,8.64,6.01645e+08,36721.5,2406.58,6.05466,0,16384,0
29.664,12.928,9.6,5.52319e+08,33710.9,2209.28,6.05466,0,16384,0
26.816,11.072,8.736,6.10979e+08,37291.2,2443.91,6.05466,0,16384,0
28.737,10.944,9.152,5.70136e+08,34798.3,2280.54,6.05466,0,16384,0
29.6,11.584,9.696,5.53514e+08,33783.8,2214.05,6.05466,0,16384,0
27.376,11.136,9.184,5.9848e+08,36528.3,2393.92,6.05466,0,16384,0
30.32,14.048,9.12,5.40369e+08,32981.5,2161.48,6.05466,0,16384,0
27.472,10.976,9.28,5.96389e+08,36400.7,2385.56,6.05466,0,16384,0
27.36,11.136,9.024,5.9883e+08,36549.7,2395.32,6.05466,0,16384,0
29.808,13.792,8.8,5.49651e+08,33548,2198.6,6.05466,0,16384,0
27.312,11.008,9.248,5.99883e+08,36613.9,2399.53,6.05466,0,16384,0
29.92,12.928,10.048,5.47594e+08,33422.5,2190.37,6.05466,0,16384,0
28.896,11.584,10.08,5.66999e+08,34606.9,2268,6.05466,0,16384,0
27.408,11.36,9.28,5.97782e+08,36485.7,2391.13,6.05466,0,16384,0
28.304,12.288,8.928,5.78858e+08,35330.7,2315.43,6.05466,0,16384,0
27.504,11.488,9.088,5.95695e+08,36358.3,2382.78,6.05466,0,16384,0
28.4,12.608,8.736,5.76901e+08,35211.3,2307.61,6.05466,0,16384,0
27.808,11.264,9.216,5.89183e+08,35960.9,2356.73,6.05466,0,16384,0
29.152,12.672,9.568,5.6202e+08,34303,2248.08,6.05466,0,16384,0
26.896,10.4,8.544,6.09161e+08,37180.2,2436.64,6.05466,0,16384,0
27.2,11.04,9.152,6.02353e+08,36764.7,2409.41,6.05466,0,16384,0
28.864,12.512,9.312,5.67627e+08,34645.2,2270.51,6.05466,0,16384,0
27.232,10.656,9.344,6.01645e+08,36721.5,2406.58,6.05466,0,16384,0
28.432,12.224,8.864,5.76252e+08,35171.6,2305.01,6.05466,0,16384,0
27.952,11.264,9.664,5.86148e+08,35775.6,2344.59,6.05466,0,16384,0
28.705,11.04,8.928,5.70772e+08,34837.1,2283.09,6.05466,0,16384,0
30.208,11.136,8.928,5.42373e+08,33103.8,2169.49,6.05466,0,16384,0
27.808,11.072,9.6,5.89183e+08,35960.9,2356.73,6.05466,0,16384,0
27.184,11.328,8.928,6.02707e+08,36786.3,2410.83,6.05466,0,16384,0
28.688,12.608,9.152,5.7111e+08,34857.8,2284.44,6.05466,0,16384,0
27.264,11.456,8.864,6.00939e+08,36678.4,2403.76,6.05466,0,16384,0
28.992,13.184,8.832,5.65121e+08,34492.3,2260.49,6.05466,0,16384,0
27.248,11.168,9.152,6.01292e+08,36699.9,2405.17,6.05466,0,16384,0
27.584,11.072,9.472,5.93968e+08,36252.9,2375.87,6.05466,0,16384,0
27.408,11.296,8.896,5.97782e+08,36485.7,2391.13,6.05466,0,16384,0
28.608,11.744,9.248,5.72707e+08,34955.3,2290.83,6.05466,0,16384,0
27.312,11.04,9.216,5.99883e+08,36613.9,2399.53,6.05466,0,16384,0
28.624,12.256,9.344,5.72387e+08,34935.7,2289.55,6.05466,0,16384,0
27.248,11.104,9.088,6.01292e+08,36699.9,2405.17,6.05466,0,16384,0
30.816,11.008,9.536,5.31672e+08,32450.7,2126.69,6.05466,0,16384,0
28.64,11.296,8.928,5.72067e+08,34916.2,2288.27,6.05466,0,16384,0
27.296,10.944,9.376,6.00234e+08,36635.4,2400.94,6.05466,0,16384,0
30.432,13.728,9.472,5.38381e+08,32860.1,2153.52,6.05466,0,16384,0
27.728,11.168,9.632,5.90883e+08,36064.6,2363.53,6.05466,0,16384,0
30.288,10.88,8.896,5.4094e+08,33016.4,2163.76,6.05466,0,16384,0
29.856,11.616,9.28,5.48767e+08,33494.1,2195.07,6.05466,0,16384,0
27.169,11.168,9.088,6.0304e+08,36806.7,2412.16,6.05466,0,16384,0
28.656,12.608,9.152,5.71748e+08,34896.7,2286.99,6.05466,0,16384,0
29.136,12.704,9.6,5.62328e+08,34321.8,2249.31,6.05466,0,16384,0
26.88,11.04,8.832,6.09524e+08,37202.4,2438.1,6.05466,0,16384,0
28.192,12.128,9.088,5.81158e+08,35471.1,2324.63,6.05466,0,16384,0
27.648,11.136,9.6,5.92593e+08,36169,2370.37,6.05466,0,16384,0
30.336,13.824,9.536,5.40084e+08,32964.1,2160.34,6.05466,0,16384,0
27.488,11.52,9.056,5.96042e+08,36379.5,2384.17,6.05466,0,16384,0
27.232,11.168,9.12,6.01645e+08,36721.5,2406.58,6.05466,0,16384,0
28.944,12.672,8.64,5.66059e+08,34549.5,2264.23,6.05466,0,16384,0
28.224,11.424,9.664,5.80499e+08,35430.8,2322,6.05466,0,16384,0
29.904,11.104,9.248,5.47887e+08,33440.3,2191.55,6.05466,0,16384,0
30.176,11.456,8.704,5.42948e+08,33138.9,2171.79,6.05466,0,16384,0
26.816,10.688,8.896,6.10979e+08,37291.2,2443.91,6.05466,0,16384,0
27.104,11.04,9.088,6.04486e+08,36894.9,2417.95,6.05466,0,16384,0
28.704,12.512,9.312,5.70792e+08,34838.4,2283.17,6.05466,0,16384,0
27.232,11.04,9.152,6.01645e+08,36721.5,2406.58,6.05466,0,16384,0
31.952,14.752,10.08,5.12769e+08,31296.9,2051.08,6.05466,0,16384,0
27.12,10.816,9.408,6.0413e+08,36873.2,2416.52,6.05466,0,16384,0
30.912,10.88,9.664,5.30021e+08,32349.9,2120.08,6.05466,0,16384,0
28.192,12.448,8.704,5.81158e+08,35471.1,2324.63,6.05466,0,16384,0
28.545,12.512,9.12,5.73971e+08,35032.4,2295.88,6.05466,0,16384,0
27.28,10.464,9.248,6.00587e+08,36656.9,2402.35,6.05466,0,16384,0
29.52,12.768,9.76,5.55014e+08,33875.3,2220.05,6.05466,0,16384,0
29.312,12.928,9.472,5.58952e+08,34115.7,2235.81,6.05466,0,16384,0
27.712,11.776,8.896,5.91224e+08,36085.5,2364.9,6.05466,0,16384,0
26.928,11.296,8.832,6.08437e+08,37136.1,2433.75,6.05466,0,16384,0
27.92,11.872,9.088,5.86819e+08,35816.6,2347.28,6.05466,0,16384,0
29.36,12.64,9.664,5.58038e+08,34059.9,2232.15,6.05466,0,16384,0
27.456,10.976,9.472,5.96737e+08,36421.9,2386.95,6.05466,0,16384,0
28.592,12.192,9.472,5.73027e+08,34974.8,2292.11,6.05466,0,16384,0
27.104,10.848,9.248,6.04486e+08,36894.9,2417.95,6.05466,0,16384,0
27.184,10.496,9.088,6.02707e+08,36786.3,2410.83,6.05466,0,16384,0
27.824,11.008,8.832,5.88844e+08,35940.2,2355.38,6.05466,0,16384,0
27.248,11.264,8.96,6.01292e+08,36699.9,2405.17,6.05466,0,16384,0
27.728,11.936,8.832,5.90883e+08,36064.6,2363.53,6.05466,0,16384,0
29.248,12.608,9.728,5.60175e+08,34190.4,2240.7,6.05466,0,16384,0
27.696,10.88,9.728,5.91566e+08,36106.3,2366.26,6.05466,0,16384,0
31.2,14.688,9.632,5.25128e+08,32051.3,2100.51,6.05466,0,16384,0
27.696,11.264,9.44,5.91566e+08,36106.3,2366.26,6.05466,0,16384,0
30.336,10.912,11.84,5.40084e+08,32964.1,2160.34,6.05466,0,16384,0
27.648,11.232,9.44,5.92593e+08,36169,2370.37,6.05466,0,16384,0
28.032,12.192,8.992,5.84475e+08,35673.5,2337.9,6.05466,0,16384,0
29.969,13.344,9.792,5.46698e+08,33367.8,2186.79,6.05466,0,16384,0
27.024,10.816,9.312,6.06276e+08,37004.1,2425.1,6.05466,0,16384,0
27.584,11.072,9.184,5.93968e+08,36252.9,2375.87,6.05466,0,16384,0
28.224,11.808,9.216,5.80499e+08,35430.8,2322,6.05466,0,16384,0
27.632,11.552,9.12,5.92936e+08,36189.9,2371.74,6.05466,0,16384,0
27.184,10.688,9.376,6.02707e+08,36786.3,2410.83,6.05466,0,16384,0
32.208,12.736,9.12,5.08693e+08,31048.2,2034.77,6.05466,0,16384,0
26.72,11.04,8.768,6.13174e+08,37425.1,2452.69,6.05466,0,16384,0
28.72,10.752,9.76,5.70474e+08,34818.9,2281.89,6.05466,0,16384,0
28.672,11.36,8.96,5.71429e+08,34877.2,2285.71,6.05466,0,16384,0
27.264,11.2,9.12,6.00939e+08,36678.4,2403.76,6.05466,0,16384,0
30.256,13.696,9.44,5.41512e+08,33051.3,2166.05,6.05466,0,16384,0
27.792,10.72,9.664,5.89522e+08,35981.6,2358.09,6.05466,0,16384,0
27.392,11.392,9.024,5.98131e+08,36507,2392.52,6.05466,0,16384,0
30.608,14.688,8.832,5.35285e+08,32671.2,2141.14,6.05466,0,16384,0
27.216,11.136,9.152,6.01999e+08,36743.1,2408,6.05466,0,16384,0
28.512,12.448,8.992,5.74635e+08,35073,2298.54,6.05466,0,16384,0
31.168,12.288,9.024,5.25667e+08,32084.2,2102.67,6.05466,0,16384,0
26.944,11.04,8.992,6.08076e+08,37114,2432.3,6.05466,0,16384,0
29.344,11.328,10.624,5.58342e+08,34078.5,2233.37,6.05466,0,16384,0
27.936,11.232,9.088,5.86483e+08,35796.1,2345.93,6.05466,0,16384,0
27.185,10.624,8.992,6.02685e+08,36785,2410.74,6.05466,0,16384,0
28.56,12.608,8.832,5.73669e+08,35014,2294.68,6.05466,0,16384,0
26.272,10.144,9.088,6.2363e+08,38063.3,2494.52,6.05466,0,16384,0
28.608,11.136,10.016,5.72707e+08,34955.3,2290.83,6.05466,0,16384,0
30.192,10.784,9.248,5.4266e+08,33121.4,2170.64,6.05466,0,16384,0
29.968,11.136,8.96,5.46716e+08,33368.9,2186.87,6.05466,0,16384,0
27.792,10.592,9.472,5.89522e+08,35981.6,2358.09,6.05466,0,16384,0
30.848,14.56,9.408,5.3112e+08,32417,2124.48,6.05466,0,16384,0
27.968,11.104,8.352,5.85812e+08,35755.1,2343.25,6.05466,0,16384,0
28.944,11.296,10.272,5.66059e+08,34549.5,2264.23,6.05466,0,16384,0
29.232,13.024,8.928,5.60482e+08,34209.1,2241.93,6.05466,0,16384,0
28.176,10.944,9.152,5.81488e+08,35491.2,2325.95,6.05466,0,16384,0
28.896,11.136,10.56,5.66999e+08,34606.9,2268,6.05466,0,16384,0
31.472,14.464,9.792,5.2059e+08,31774.3,2082.36,6.05466,0,16384,0
28.384,11.168,8.8,5.77227e+08,35231.1,2308.91,6.05466,0,16384,0
28.832,11.36,10.56,5.68257e+08,34683.7,2273.03,6.05466,0,16384,0
30.976,14.368,9.408,5.28926e+08,32283.1,2115.7,6.05466,0,16384,0
27.808,11.744,8.864,5.89183e+08,35960.9,2356.73,6.05466,0,16384,0
27.072,10.528,8.8,6.05201e+08,36938.5,2420.8,6.05466,0,16384,0
29.408,12.928,9.344,5.57127e+08,34004.4,2228.51,6.05466,0,16384,0
30.465,14.176,8.736,5.37797e+08,32824.6,2151.19,6.05466,0,16384,0
32.688,10.944,14.272,5.01224e+08,30592.3,2004.89,6.05466,0,16384,0
28.304,10.944,9.952,5.78858e+08,35330.7,2315.43,6.05466,0,16384,0
28.448,12.512,8.704,5.75928e+08,35151.9,2303.71,6.05466,0,16384,0
31.296,10.944,9.696,5.23517e+08,31953,2094.07,6.05466,0,16384,0
28.832,10.72,10.624,5.68257e+08,34683.7,2273.03,6.05466,0,16384,0
29.312,12.16,9.408,5.58952e+08,34115.7,2235.81,6.05466,0,16384,0
27.344,10.912,8.736,5.99181e+08,36571.1,2396.72,6.05466,0,16384,0
30.816,10.976,8.864,5.31672e+08,32450.7,2126.69,6.05466,0,16384,0
27.104,11.2,8.832,6.04486e+08,36894.9,2417.95,6.05466,0,16384,0
28.208,11.616,9.088,5.80828e+08,35450.9,2323.31,6.05466,0,16384,0
27.712,11.232,9.12,5.91224e+08,36085.5,2364.9,6.05466,0,16384,0
29.152,13.152,8.928,5.6202e+08,34303,2248.08,6.05466,0,16384,0
28.576,10.4,9.216,5.73348e+08,34994.4,2293.39,6.05466,0,16384,0
27.344,11.008,8.736,5.99181e+08,36571.1,2396.72,6.05466,0,16384,0
28.704,12.32,8.928,5.70792e+08,34838.4,2283.17,6.05466,0,16384,0
30.176,11.232,8.96,5.42948e+08,33138.9,2171.79,6.05466,0,16384,0
27.696,11.328,9.376,5.91566e+08,36106.3,2366.26,6.05466,0,16384,0
26.944,10.432,8.704,6.08076e+08,37114,2432.3,6.05466,0,16384,0
29.776,10.976,9.536,5.50242e+08,33584.1,2200.97,6.05466,0,16384,0
27.361,11.04,8.832,5.98809e+08,36548.4,2395.23,6.05466,0,16384,0
30.544,12.64,10.4,5.36406e+08,32739.7,2145.63,6.05466,0,16384,0
29.168,11.04,9.632,5.61711e+08,34284.1,2246.85,6.05466,0,16384,0
27.84,11.136,9.472,5.88506e+08,35919.5,2354.02,6.05466,0,16384,0
29.296,12.384,9.856,5.59257e+08,34134.4,2237.03,6.05466,0,16384,0
28.416,10.432,8.928,5.76577e+08,35191.4,2306.31,6.05466,0,16384,0
27.216,11.168,8.416,6.01999e+08,36743.1,2408,6.05466,0,16384,0
28.336,11.008,10.048,5.78204e+08,35290.8,2312.82,6.05466,0,16384,0
27.216,10.848,8.832,6.01999e+08,36743.1,2408,6.05466,0,16384,0
27.552,10.592,9.408,5.94657e+08,36295,2378.63,6.05466,0,16384,0
28.384,12.384,8.8,5.77227e+08,35231.1,2308.91,6.05466,0,16384,0
29.584,11.2,9.248,5.53813e+08,33802.1,2215.25,6.05466,0,16384,0
27.264,11.2,8.928,6.00939e+08,36678.4,2403.76,6.05466,0,16384,0
27.456,11.296,8.864,5.96737e+08,36421.9,2386.95,6.05466,0,16384,0
31.2,10.496,10.304,5.25128e+08,32051.3,2100.51,6.05466,0,16384,0
27.472,10.976,8.896,5.96389e+08,36400.7,2385.56,6.05466,0,16384,0
29.424,13.216,9.152,5.56824e+08,33985.9,2227.3,6.05466,0,16384,0
29.536,10.912,9.856,5.54713e+08,33857,2218.85,6.05466,0,16384,0
27.392,10.4,9.6,5.98131e+08,36507,2392.52,6.05466,0,16384,0
29.6,11.936,10.272,5.53514e+08,33783.8,2214.05,6.05466,0,16384,0
28.273,10.976,9.6,5.79493e+08,35369.4,2317.97,5.89636,0,16384,0
26.72,10.496,8.416,6.13174e+08,37425.1,2452.69,5.89636,0,16384,0
26.976,11.072,8.544,6.07355e+08,37070,2429.42,5.89636,0,16384,0
28.56,10.944,8.8,5.73669e+08,35014,2294.68,5.89636,0,16384,0
27.312,11.2,8.864,5.99883e+08,36613.9,2399.53,5.89636,0,16384,0
30.816,13.184,10.56,5.31672e+08,32450.7,2126.69,5.89636,0,16384,0
27.168,11.136,8.832,6.03062e+08,36808,2412.25,5.89636,0,16384,0
29.488,12.928,8.96,5.55616e+08,33912.1,2222.46,5.89636,0,16384,0
27.92,11.2,9.184,5.86819e+08,35816.6,2347.28,5.89636,0,16384,0
28.64,11.008,8.928,5.72067e+08,34916.2,2288.27,5.89636,0,16384,0
31.92,11.232,10.4,5.13283e+08,31328.3,2053.13,5.89636,0,16384,0
28.784,11.072,10.528,5.69205e+08,34741.5,2276.82,5.89636,0,16384,0
30.176,14.208,8.896,5.42948e+08,33138.9,2171.79,5.89636,0,16384,0
28.512,11.168,10.08,5.74635e+08,35073,2298.54,5.89636,0,16384,0
27.216,11.232,8.928,6.01999e+08,36743.1,2408,5.89636,0,16384,0
30.608,13.408,9.92,5.35285e+08,32671.2,2141.14,5.89636,0,16384,0
28.24,10.976,8.864,5.8017e+08,35410.8,2320.68,5.89636,0,16384,0
28.512,11.2,10.144,5.74635e+08,35073,2298.54,5.89636,0,16384,0
31.216,14.272,9.12,5.24859e+08,32034.9,2099.44,5.89636,0,16384,0
28.656,11.136,10.016,5.71748e+08,34896.7,2286.99,5.89636,0,16384,0
27.248,10.976,9.024,6.01292e+08,36699.9,2405.17,5.89636,0,16384,0
29.857,14.016,8.384,5.48749e+08,33493,2195,5.89636,0,16384,0
29.088,11.392,10.304,5.63256e+08,34378.4,2253.03,5.89636,0,16384,0
27.712,11.136,9.024,5.91224e+08,36085.5,2364.9,5.89636,0,16384,0
31.28,14.528,9.824,5.23785e+08,31969.3,2095.14,5.89636,0,16384,0
27.504,11.232,9.344,5.95695e+08,36358.3,2382.78,5.89636,0,16384,0
27.36,11.328,9.12,5.9883e+08,36549.7,2395.32,5.89636,0,16384,0
30.624,14.4,9.088,5.35005e+08,32654.1,2140.02,5.89636,0,16384,0
27.216,11.36,8.672,6.01999e+08,36743.1,2408,5.89636,0,16384,0
26.784,10.848,8.032,6.11708e+08,37335.7,2446.83,5.89636,0,16384,0
32.72,12.8,9.344,5.00733e+08,30562.3,2002.93,5.89636,0,16384,0
27.12,11.296,8.8,6.0413e+08,36873.2,2416.52,5.89636,0,16384,0
27.216,10.848,8.896,6.01999e+08,36743.1,2408,5.89636,0,16384,0
27.536,11.136,9.536,5.95003e+08,36316.1,2380.01,5.89636,0,16384,0
29.376,12.768,9.536,5.57734e+08,34041.4,2230.94,5.89636,0,16384,0
29.504,13.344,9.248,5.55315e+08,33893.7,2221.26,5.89636,0,16384,0
28.272,12.224,9.088,5.79513e+08,35370.7,2318.05,5.89636,0,16384,0
29.632,13.024,9.664,5.52916e+08,33747.3,2211.66,5.89636,0,16384,0
28.352,12.416,8.896,5.77878e+08,35270.9,2311.51,5.89636,0,16384,0
27.696,11.072,9.344,5.91566e+08,36106.3,2366.26,5.89636,0,16384,0
29.264,12.928,9.248,5.59869e+08,34171.7,2239.48,5.89636,0,16384,0
29.472,13.12,9.376,5.55917e+08,33930.5,2223.67,5.89636,0,16384,0
27.345,11.008,8.448,5.99159e+08,36569.8,2396.64,5.89636,0,16384,0
32.176,12.864,9.024,5.09199e+08,31079.1,2036.8,5.89636,0,16384,0
27.984,11.072,9.696,5.85477e+08,35734.7,2341.91,5.89636,0,16384,0
27.52,10.688,9.248,5.95349e+08,36337.2,2381.4,5.89636,0,16384,0
27.216,10.88,9.344,6.01999e+08,36743.1,2408,5.89636,0,16384,0
29.136,12.8,9.12,5.62328e+08,34321.8,2249.31,5.89636,0,16384,0
30.048,13.536,9.536,5.45261e+08,33280.1,2181.04,5.89636,0,16384,0
235.728,146.272,20.064,6.95038e+07,4242.18,278.015,5.89636,0,16384,0
35.504,12.256,12.384,4.61469e+08,28165.8,1845.88,5.89636,0,16384,0
