arm,size,rep,pos,fill_p50,transport_p05,transport_p50,transport_p95,e2e_p50,fft_p50,n,sm_mhz,pace_us,gitsha
opt,4096,1,1,0.704,5.984,24.945,57.473,11.744,6.400,976,2548,500,b3d5807+ts
extbuf,4096,1,2,0.02,38.289,188.050,459.813,10.273,5.120,1000,2548,500,b3d5807+ts
daq,4096,1,3,0.464,619.159,3967.810,7873.660,9.776,4.896,1000,2424,500,b3d5807+ts
opt,16384,1,1,2.256,15.537,35.217,66.945,16.944,11.392,977,2548,500,b3d5807+ts
extbuf,16384,1,2,0.03,135.201,308.323,654.967,43.169,24.416,1000,2548,500,b3d5807+ts
daq,16384,1,3,1.760,662.664,4002.840,8002.360,13.776,8.832,1000,2424,500,b3d5807+ts
opt,65536,1,1,7.28,109.377,133.778,164.066,23.473,17.888,981,2548,500,b3d5807+ts
extbuf,65536,1,2,0.05,182.770,350.260,838.394,44.896,28.128,1000,2548,500,b3d5807+ts
daq,65536,1,3,5.696,767.881,4200.490,8451.090,18.160,13.408,1000,2431,500,b3d5807+ts
opt,262144,1,1,24.016,476.501,503.814,537.014,31.905,25.952,997,2483,1344,b3d5807+ts
extbuf,262144,1,2,0.03,467.333,915.162,4604.866,51.632,34.496,1000,2509,1344,b3d5807+ts
daq,262144,1,3,25.936,902.922,4338.340,9030.700,24.976,20.192,1000,2437,1344,b3d5807+ts
opt,1048576,1,1,204.738,2153.720,2276.180,2811.840,76.257,69.024,1000,2424,5377,b3d5807+ts
extbuf,1048576,1,2,0.86,1091.132,2185.895,6543.492,101.058,76.448,1000,2431,5377,b3d5807+ts
daq,1048576,1,3,105.585,934.890,4985.810,12160.900,63.329,58.368,1000,2424,5377,b3d5807+ts
extbuf,4096,2,1,0.03,59.425,305.619,653.911,26.880,13.984,1000,2548,500,b3d5807+ts
daq,4096,2,2,0.416,541.717,4023.300,8336.120,9.792,4.896,1000,2424,500,b3d5807+ts
opt,4096,2,3,0.704,6.160,25.600,57.824,12.448,7.072,979,2548,500,b3d5807+ts
extbuf,16384,2,1,0.03,119.249,280.627,483.061,44.080,24.576,1000,2548,500,b3d5807+ts
daq,16384,2,2,1.760,675.655,4212.550,9034.650,13.792,8.864,1000,2424,500,b3d5807+ts
opt,16384,2,3,2.288,15.328,35.521,66.065,17.009,11.456,981,2548,500,b3d5807+ts
extbuf,65536,2,1,0.03,249.682,538.709,1000.266,47.905,29.216,1000,2541,500,b3d5807+ts
daq,65536,2,2,5.872,811.880,4232.600,9684.980,18.160,13.408,1000,2424,500,b3d5807+ts
opt,65536,2,3,7.04,107.505,131.969,161.329,23.312,17.760,982,2548,500,b3d5807+ts
extbuf,262144,2,1,0.03,367.460,720.375,4206.553,53.681,34.688,1000,2509,1344,b3d5807+ts
daq,262144,2,2,26.160,759.607,4525.950,9682.560,24.993,20.256,1000,2437,1344,b3d5807+ts
opt,262144,2,3,23.488,481.189,509.861,541.365,34.032,27.968,997,2483,1344,b3d5807+ts
extbuf,1048576,2,1,0.50,1138.251,2031.315,6565.791,101.729,79.392,1000,2431,5377,b3d5807+ts
daq,1048576,2,2,103.569,936.121,4937.570,12657.700,67.985,62.976,1000,2424,5377,b3d5807+ts
opt,1048576,2,3,208.77,2187.250,2302.250,2488.390,71.473,64.224,1000,2424,5377,b3d5807+ts
daq,4096,3,1,0.384,630.405,4103.750,9386.070,9.760,4.832,1000,2424,500,b3d5807+ts
opt,4096,3,2,0.704,6.272,25.904,58.481,12.720,7.200,979,2548,500,b3d5807+ts
extbuf,4096,3,3,0.03,107.745,266.498,641.846,40.752,20.736,1000,2548,500,b3d5807+ts
daq,16384,3,1,1.744,630.726,4018.000,8323.550,13.760,8.832,1000,2424,500,b3d5807+ts
opt,16384,3,2,2.24,15.376,34.704,66.529,16.960,11.392,977,2548,500,b3d5807+ts
extbuf,16384,3,3,0.03,120.065,283.122,777.703,32.977,19.392,1000,2548,500,b3d5807+ts
daq,65536,3,1,5.744,790.711,4075.840,8856.720,18.336,13.632,1000,2431,500,b3d5807+ts
opt,65536,3,2,7.216,109.457,134.770,162.977,23.056,17.440,981,2548,500,b3d5807+ts
extbuf,65536,3,3,0.03,179.745,305.586,1043.721,38.576,24.928,1000,2548,500,b3d5807+ts
daq,262144,3,1,26.464,647.333,4264.390,8905.850,24.992,20.224,1000,2437,1344,b3d5807+ts
opt,262144,3,2,23.52,463.540,503.348,543.188,32.928,26.944,998,2483,1344,b3d5807+ts
extbuf,262144,3,3,0.03,449.812,937.656,4769.561,54.448,35.456,1000,2502,1344,b3d5807+ts
daq,1048576,3,1,103.889,949.288,5063.160,12517.700,69.584,64.672,1000,2424,5377,b3d5807+ts
opt,1048576,3,2,209.489,2156.990,2251.300,2719.750,75.905,68.512,1000,2424,5377,b3d5807+ts
extbuf,1048576,3,3,0.66,1140.761,1956.864,6118.771,102.689,78.880,1000,2431,5377,b3d5807+ts
opt,4096,4,1,0.705,6.176,25.601,57.808,12.304,6.848,980,2548,500,b3d5807+ts
extbuf,4096,4,2,0.05,97.280,129.377,204.321,17.424,10.208,1000,2548,500,b3d5807+ts
daq,4096,4,3,0.448,598.741,3929.010,8323.720,9.808,4.832,1000,2424,500,b3d5807+ts
opt,16384,4,1,2.224,15.728,35.009,68.128,17.216,11.584,978,2548,500,b3d5807+ts
extbuf,16384,4,2,0.03,61.089,238.354,454.116,45.664,25.184,1000,2548,500,b3d5807+ts
daq,16384,4,3,1.728,634.053,3987.920,8170.420,13.792,8.832,1000,2424,500,b3d5807+ts
opt,65536,4,1,7.36,107.697,131.969,159.889,23.120,17.504,980,2548,500,b3d5807+ts
extbuf,65536,4,2,0.06,155.329,300.803,732.645,49.120,29.888,1000,2541,500,b3d5807+ts
daq,65536,4,3,5.856,792.855,4199.940,8871.030,18.320,13.536,1000,2431,500,b3d5807+ts
opt,262144,4,1,26.896,479.732,511.156,546.740,33.552,27.520,996,2483,1344,b3d5807+ts
extbuf,262144,4,2,0.03,408.595,997.496,4676.757,49.537,33.696,1000,2502,1344,b3d5807+ts
daq,262144,4,3,26.192,812.838,4406.150,9309.800,25.009,20.288,1000,2437,1344,b3d5807+ts
opt,1048576,4,1,207.058,2175.010,2281.190,2834.290,74.449,67.072,1000,2424,5377,b3d5807+ts
extbuf,1048576,4,2,0.59,1096.840,1857.614,6061.519,102.241,79.488,1000,2431,5377,b3d5807+ts
daq,1048576,4,3,102.945,846.502,4943.610,12128.800,66.017,61.056,1000,2424,5377,b3d5807+ts
extbuf,4096,5,1,0.03,121.777,336.243,793.798,41.633,21.440,1000,2528,500,b3d5807+ts
daq,4096,5,2,0.448,602.117,4168.770,9143.320,9.793,4.832,1000,2424,500,b3d5807+ts
opt,4096,5,3,0.704,6.176,25.681,58.945,12.528,7.104,978,2548,500,b3d5807+ts
extbuf,16384,5,1,0.03,115.056,211.538,443.539,34.448,20.064,1000,2548,500,b3d5807+ts
daq,16384,5,2,1.728,701.814,4146.690,9426.220,13.760,8.832,1000,2424,500,b3d5807+ts
opt,16384,5,3,2.32,15.488,34.464,64.832,16.960,11.392,978,2548,500,b3d5807+ts
extbuf,65536,5,1,0.05,192.322,456.772,811.302,41.441,26.752,1000,2535,500,b3d5807+ts
daq,65536,5,2,5.664,809.910,4129.440,9408.730,18.352,13.632,1000,2431,500,b3d5807+ts
opt,65536,5,3,7.12,106.897,128.977,158.273,23.232,17.632,984,2548,500,b3d5807+ts
extbuf,262144,5,1,0.06,238.033,356.579,4069.679,55.040,36.512,1000,2509,1344,b3d5807+ts
daq,262144,5,2,25.761,887.735,4361.090,9358.950,25.024,20.224,1000,2437,1344,b3d5807+ts
opt,262144,5,3,23.089,458.963,487.620,524.836,32.880,26.944,997,2483,1344,b3d5807+ts
extbuf,1048576,5,1,0.96,1122.792,1922.574,6086.525,99.921,74.848,1000,2431,5377,b3d5807+ts
daq,1048576,5,2,103.985,800.453,4996.500,12161.600,65.296,60.384,1000,2424,5377,b3d5807+ts
opt,1048576,5,3,204.802,2178.740,2277.980,2792.920,79.296,72.064,1000,2424,5377,b3d5807+ts
daq,4096,6,1,0.464,586.948,3987.050,9036.510,9.808,4.928,1000,2424,500,b3d5807+ts
opt,4096,6,2,0.704,6.048,24.625,58.145,12.000,6.464,979,2548,500,b3d5807+ts
extbuf,4096,6,3,0.03,102.048,257.345,519.587,39.057,20.384,1000,2548,500,b3d5807+ts
daq,16384,6,1,1.760,653.812,4022.560,8281.550,13.792,8.864,1000,2424,500,b3d5807+ts
opt,16384,6,2,2.256,15.920,34.928,67.376,17.024,11.488,980,2548,500,b3d5807+ts
extbuf,16384,6,3,0.03,120.129,227.234,465.300,31.712,18.528,1000,2548,500,b3d5807+ts
daq,65536,6,1,6.000,786.854,4004.330,7850.120,18.256,13.632,1000,2431,500,b3d5807+ts
opt,65536,6,2,7.232,109.088,132.337,159.809,23.072,17.536,983,2548,500,b3d5807+ts
extbuf,65536,6,3,0.03,240.370,362.306,758.918,43.905,27.456,1000,2548,500,b3d5807+ts
daq,262144,6,1,25.840,858.134,4429.650,9563.830,24.976,20.288,1000,2437,1344,b3d5807+ts
opt,262144,6,2,23.136,467.348,494.803,534.660,32.960,27.136,997,2483,1344,b3d5807+ts
extbuf,262144,6,3,0.03,414.419,804.966,4641.632,52.561,33.984,1000,2502,1344,b3d5807+ts
daq,1048576,6,1,104.017,863.430,4987.070,12438.500,65.072,60.096,1000,2424,5377,b3d5807+ts
opt,1048576,6,2,210.738,2186.670,2278.720,2447.150,74.096,66.976,1000,2424,5377,b3d5807+ts
extbuf,1048576,6,3,0.70,1160.264,2140.463,6435.644,128.705,93.376,1000,2431,5377,b3d5807+ts
